ExamID,FinalGrade,PSS_Stress,StudyID,TotalQuestions,avg_durationperquestion,avg_tbd,decision_time_efficiency,good_decision_time_efficiency,maxduration,median_tbd,minduration,num_decisions_made,question_enter_count,ratio_decisions,ratio_good_decisions,totalduration,variance_tbd
1969,0.780952380952381,21,2016.03.13,105,58066.66667,14146.17169,51235.29412,70080.45977,330000.0,5000.0,7000.0,119,298,0.27869,0.73109,6097000.0,743929746.93789
1969,0.7333333333333333,27,2016.03.132,105,84676.19048,17746.50699,62174.82517,103383.72093,316000.0,10000.0,13000.0,143,327,0.28657,0.6014,8891000.0,655369612.77445
1969,0.6476190476190476,25,2016.03.2,105,54123.80952,20516.24549,46203.25203,75773.33333,403000.0,7000.0,2000.0,123,149,0.44565,0.60976,5683000.0,1428569481.50474
1969,0.7238095238095238,30,2016.03.1,105,73152.38095,15611.78862,60480.31496,90364.70588,490000.0,6000.0,9000.0,127,336,0.26132,0.66929,7681000.0,873741042.00818
1969,0.8285714285714286,19,2016.03.118,105,86352.38095,20560.0907,62531.03448,85537.73585,749000.0,6000.0,7000.0,145,281,0.33721,0.73103,9067000.0,1205215130.90085
1969,0.6190476190476191,30,2016.03.114,105,80466.66667,19926.88679,61224.63768,112653.33333,899000.0,8000.0,11000.0,138,279,0.32701,0.54348,8449000.0,1807959180.82876
1969,0.5142857142857142,25,2016.03.18,105,96733.33333,7991.3454,61186.74699,125395.06173,384000.0,2000.0,14000.0,166,1076,0.13091,0.48795,10157000.0,335986539.21211
1969,0.7714285714285715,23,2016.03.16,105,68790.47619,21561.19403,66266.05505,89172.83951,436000.0,6000.0,11000.0,109,226,0.32733,0.74312,7223000.0,1854121244.079
2311,0.49074074074074076,26,2015.01.118,108,102907.40741,192.41024,687.5348,1136.86579,186000.0,NaN,68000.0,16165,34302,0.29843,0.60476,11114000.0,291919.33393
2038,0.5596330275229358,32,2016.03PA.141,109,96706.42202,1246.42308,3827.5236,6065.01726,196000.0,1000.0,48000.0,2754,4603,0.3277,0.63108,10541000.0,5434301.59629
2167,0.4158415841584158,39,2016.01.49,101,100603.9604,154.32633,547.67423,1069.80417,148000.0,NaN,69000.0,18553,42626,0.28345,0.51194,10161000.0,146003.79928
2262,0.37,18,2016.01.42,100,103790.0,164.37553,599.21483,1187.66449,144000.0,NaN,73000.0,17321,31838,0.32327,0.50453,10379000.0,201500.55158
2055,0.4387755102040816,30,2016.03.8,98,102377.55102,209.5447,693.89308,1130.09687,138000.0,NaN,80000.0,14459,30123,0.30202,0.61401,10033000.0,171487.25066
2038,0.7431192660550459,20,2016.03PA.147,109,67688.07339,14875.0,42895.34884,71631.06796,336000.0,9000.0,9000.0,172,257,0.35102,0.59884,7378000.0,456521717.17172
2038,0.6788990825688074,24,2016.03PA.146,109,78853.21101,23104.83871,69314.51613,107437.5,469000.0,8000.0,5000.0,124,234,0.33423,0.64516,8595000.0,1777824558.73402
2038,0.5321100917431193,36,2016.03PA.145,109,87137.61468,20966.88742,67842.85714,141761.19403,277000.0,7000.0,10000.0,140,286,0.30905,0.47857,9498000.0,977098458.65323
2038,0.6513761467889908,21,2016.03PA.144,109,66844.0367,20581.9209,47620.91503,83747.12644,278000.0,13000.0,7000.0,153,185,0.4322,0.56863,7286000.0,486345961.1722
2038,0.6238532110091743,25,2016.03PA.143,109,83238.53211,21002.31481,65273.38129,116320.51282,340000.0,10500.0,9000.0,139,183,0.32629,0.56115,9073000.0,760178648.92154
2038,0.6513761467889908,32,2016.03PA.141,109,62293.57798,15717.59259,49562.0438,87051.28205,389000.0,7000.0,7000.0,137,198,0.31787,0.56934,6790000.0,552189202.54361
2038,0.8256880733944955,15,2016.03PA.140,109,75596.33028,16816.32653,53856.20915,81584.15842,386000.0,10000.0,12000.0,153,247,0.31677,0.66013,8240000.0,515589916.94837
2038,0.7981651376146789,13,2016.03PA.157,109,48440.36697,8873.94958,40305.34351,56774.19355,226000.0,3000.0,5000.0,131,397,0.22054,0.70992,5280000.0,228144017.20284
2038,0.6972477064220184,23,2016.03PA.156,109,65394.49541,16890.99526,57024.0,88000.0,448000.0,9000.0,18000.0,125,263,0.30193,0.648,7128000.0,453969087.36815
2038,0.5963302752293578,15,2016.03PA.155,109,47486.23853,11657.65766,37781.0219,71888.88889,224000.0,5000.0,8000.0,137,261,0.31066,0.52555,5176000.0,215363349.80579
2038,0.6972477064220184,37,2016.03PA.154,109,77073.3945,26253.125,62694.02985,100011.90476,308000.0,13500.0,10000.0,134,185,0.41875,0.62687,8401000.0,906941996.47335
2038,0.8165137614678899,17,2016.03PA.153,109,77926.6055,17659.04366,53759.49367,84099.0099,391000.0,10000.0,9000.0,158,268,0.33193,0.63924,8494000.0,479116839.91684
2038,0.7798165137614679,11,2016.03PA.152,109,64009.17431,16852.657,56266.12903,78393.25843,366000.0,4000.0,8000.0,124,230,0.29952,0.71774,6977000.0,637961288.32275
2038,0.7889908256880734,24,2016.03PA.151,109,82743.11927,32559.56679,75158.33333,96978.49462,312000.0,19000.0,13000.0,120,157,0.43321,0.775,9019000.0,1293696620.1015
2038,0.8348623853211009,16,2016.03PA.150,109,73302.75229,25284.81013,64435.48387,81530.61224,426000.0,15000.0,9000.0,124,139,0.39241,0.79032,7990000.0,1251334498.69399
2038,0.7064220183486238,24,2016.03PA.139,109,96146.78899,21878.91441,66751.59236,113913.04348,392000.0,17000.0,13000.0,157,269,0.32983,0.58599,10480000.0,420068989.614
2038,0.6605504587155964,26,2016.03PA.138,109,78467.88991,18553.14534,57402.68456,104304.87805,326000.0,10000.0,13000.0,149,272,0.32747,0.55034,8553000.0,539965104.21579
2038,0.7064220183486238,17,2016.03PA.137,109,79256.88073,22497.39583,69669.35484,109354.43038,509000.0,9000.0,3000.0,124,181,0.32632,0.6371,8639000.0,993613570.22411
2038,0.7247706422018348,9,2016.03PA.148,109,71385.3211,15469.18489,60789.0625,90476.74419,308000.0,6000.0,8000.0,128,222,0.25447,0.67188,7781000.0,557643968.85619
2311,0.49074074074074076,21,2015.01.141,108,78250.0,7755.9633,60364.28571,136306.45161,356000.0,2000.0,23000.0,140,835,0.13903,0.44286,8451000.0,273762246.31637
2311,0.8240740740740741,22,2015.01.138,108,97629.62963,25104.7619,72219.17808,103372.54902,591000.0,14000.0,10000.0,146,244,0.34845,0.69863,10544000.0,1578910239.79998
2311,0.5740740740740741,28,2015.01.136,108,86574.07407,19042.76986,73622.04724,133571.42857,320000.0,4000.0,5000.0,127,321,0.25971,0.55118,9350000.0,938767554.76121
2311,0.48148148148148145,27,2015.01.132,108,90379.62963,24281.09453,76858.26772,162683.33333,284000.0,8000.0,10000.0,127,267,0.31592,0.47244,9761000.0,1436092858.6494
2311,0.6111111111111112,19,2015.01.131,108,74231.48148,18609.1954,60734.84848,109821.91781,458000.0,5000.0,10000.0,132,197,0.38596,0.55303,8017000.0,898464431.37878
2311,0.5833333333333334,22,2015.01.129,108,75555.55556,19200.0,60895.52239,114929.57746,358000.0,6000.0,8000.0,134,226,0.37222,0.52985,8160000.0,909834905.66038
2311,0.6944444444444444,25,2015.01.128,108,72555.55556,16057.37705,48975.0,87066.66667,365000.0,5000.0,3000.0,160,231,0.36952,0.5625,7836000.0,816776988.58855
2311,0.7407407407407407,17,2015.01.127,108,99842.59259,18276.27119,59247.25275,98926.6055,537000.0,6000.0,8000.0,182,190,0.42424,0.5989,10783000.0,1167612848.55112
2311,0.6388888888888888,20,2015.01.125,108,85268.51852,18491.96787,71387.5969,121171.05263,352000.0,6000.0,8000.0,129,367,0.26008,0.58915,9209000.0,804479814.63076
2311,0.7129629629629629,34,2015.01.124,108,95574.07407,17089.40397,53206.18557,92990.99099,403000.0,6000.0,7000.0,194,342,0.32441,0.57216,10322000.0,739600617.22293
2311,0.7685185185185185,19,2015.01.123,108,99388.88889,23385.62092,75591.5493,117956.04396,395000.0,11000.0,9000.0,142,303,0.31347,0.64085,10734000.0,1290547478.38
2311,0.8518518518518519,25,2015.01.122,108,78509.25926,30945.25547,72470.08547,90202.12766,434000.0,14500.0,4000.0,117,126,0.42701,0.80342,8479000.0,1960000655.0627
2311,0.75,22,2015.01.121,108,81537.03704,15275.08651,75264.95726,103600.0,421000.0,7000.0,7000.0,117,157,0.2925,0.7265,8806000.0,611042047.21954
2311,0.7129629629629629,26,2015.01.120,108,98416.66667,26840.90909,66431.25,109577.31959,545000.0,10000.0,9000.0,160,232,0.40404,0.60625,10629000.0,2205825258.9183
2311,0.7870370370370371,30,2015.01.119,108,86166.66667,19307.05394,68933.33333,95938.14433,372000.0,9000.0,7000.0,135,299,0.2897,0.71852,9306000.0,716134212.09272
2311,0.5833333333333334,26,2015.01.118,108,70009.25926,10989.82558,54395.68345,95708.86076,387000.0,3000.0,8000.0,139,314,0.27043,0.56835,7561000.0,430091599.38729
2311,0.7314814814814815,22,2015.01.117,108,81490.74074,22224.74747,66674.24242,102337.2093,329000.0,13000.0,10000.0,132,264,0.33333,0.65152,8801000.0,737891132.84746
2311,0.8333333333333334,25,2015.01.115,108,98935.18519,25997.56691,92112.06897,117417.58242,651000.0,10000.0,12000.0,116,275,0.28224,0.78448,10685000.0,1462090237.96807
2311,0.5462962962962963,29,2015.01.111,108,89564.81481,32243.33333,78008.06452,156016.12903,457000.0,8000.0,13000.0,124,174,0.41333,0.5,9673000.0,3595756644.37014
2311,0.7129629629629629,34,2015.01.110,108,99537.03704,26741.29353,83984.375,127976.19048,370000.0,13000.0,2000.0,128,158,0.4129,0.65625,10750000.0,1270097492.58694
2311,0.7407407407407407,28,2015.01.109,108,99259.25926,28894.87871,72925.17007,110515.46392,441000.0,9000.0,7000.0,147,186,0.40054,0.65986,10720000.0,2305088919.64741
2311,0.6851851851851852,19,2015.01.108,108,89018.51852,15382.4,60087.5,104500.0,677000.0,6000.0,9000.0,160,277,0.31496,0.575,9614000.0,1063242958.97437
2311,0.6851851851851852,24,2015.01.105,108,90388.88889,17846.4351,77476.19048,122025.0,312000.0,4000.0,14000.0,126,310,0.23774,0.63492,9762000.0,849529488.18397
2311,0.7129629629629629,30,2015.01.102,108,80935.18519,13963.25879,68289.0625,104059.52381,701000.0,3000.0,9000.0,128,497,0.2048,0.65625,8741000.0,972137847.92332
2311,0.75,21,2015.01.101,108,87240.74074,22924.57421,77867.7686,108298.85057,500000.0,10000.0,13000.0,121,228,0.3467,0.71901,9422000.0,1326426004.39143
2311,0.5648148148148148,37,2015.01.100,108,98379.62963,41830.70866,90042.37288,166015.625,376000.0,17000.0,8000.0,118,136,0.46457,0.54237,10625000.0,2929643163.92269
2262,0.51,34,2016.01.99,100,99690.0,13618.85246,31153.125,68280.82192,269000.0,2000.0,14000.0,320,329,0.44944,0.45625,9969000.0,776515266.53361
2167,0.6336633663366337,29,2016.01.98,101,67792.07921,17032.33831,54341.26984,93794.52055,299000.0,8000.0,8000.0,126,276,0.315,0.57937,6847000.0,518395460.35409
2262,0.52,28,2016.01.98,100,90900.0,20706.15034,61006.71141,124520.54795,409000.0,9000.0,13000.0,149,271,0.35476,0.48993,9090000.0,882911172.1326
2262,0.72,28,2016.01.97,100,97980.0,36154.98155,89889.90826,134219.17808,471000.0,19000.0,8000.0,109,113,0.436,0.66972,9798000.0,2816731447.31447
2167,0.6336633663366337,22,2016.01.93,101,77128.71287,14838.09524,59923.07692,103866.66667,357000.0,6000.0,8000.0,130,297,0.25,0.57692,7790000.0,487540530.7161
2262,0.74,21,2016.01.93,100,99810.0,10944.07895,51715.02591,85307.69231,324000.0,4000.0,10000.0,193,325,0.30538,0.60622,9981000.0,298410700.35819
2167,0.33663366336633666,42,2016.01.89,101,68267.32673,19206.12813,51842.10526,172375.0,1106000.0,3000.0,12000.0,133,226,0.37151,0.30075,6895000.0,4833868007.03381
2262,0.21,39,2016.01.89,100,68920.0,12861.9403,46567.56757,202705.88235,411000.0,2000.0,12000.0,148,382,0.27925,0.22973,6892000.0,663595857.16278
2167,0.6633663366336634,27,2016.01.88,101,84277.22772,22166.66667,59524.47552,98976.74419,568000.0,8000.0,5000.0,143,221,0.37533,0.6014,8512000.0,1385366405.57006
2262,0.53,38,2016.01.87,100,99800.0,36556.77656,94150.9434,181454.54545,431000.0,9000.0,14000.0,106,166,0.39259,0.51887,9980000.0,2718835918.98298
2262,0.42,32,2016.01.86,100,97990.0,22841.49184,86716.81416,208489.3617,545000.0,4000.0,5000.0,113,209,0.32659,0.41593,9799000.0,1765932760.38603
2167,0.7524752475247525,34,2016.01.85,101,74405.94059,17935.56086,59173.22835,86379.31034,320000.0,7000.0,6000.0,127,292,0.30456,0.68504,7515000.0,706510191.73014
2262,0.84,27,2016.01.85,100,96610.0,17957.24907,79188.52459,105010.86957,542000.0,4000.0,13000.0,122,414,0.22761,0.7541,9661000.0,834662973.42388
2167,0.7227722772277227,17,2016.01.84,101,83415.84158,14964.47602,65820.3125,100297.61905,501000.0,5000.0,9000.0,128,396,0.22857,0.65625,8425000.0,615461369.25343
2262,0.75,10,2016.01.84,100,97380.0,11732.53012,83948.27586,121725.0,366000.0,2000.0,17000.0,116,261,0.28642,0.68966,9738000.0,472106901.91405
2262,0.74,23,2016.01.83,100,86590.0,23594.00545,76628.31858,109607.59494,661000.0,6000.0,6000.0,113,152,0.39373,0.69912,8659000.0,1405575155.22402
2167,0.7425742574257426,20,2016.01.82,101,70683.16832,16837.26415,53676.69173,82057.47126,242000.0,9000.0,9000.0,133,244,0.31591,0.65414,7139000.0,479857615.19247
2167,0.5247524752475248,25,2016.01.81,101,80099.0099,22043.59673,68559.32203,137118.64407,290000.0,10000.0,8000.0,118,249,0.32507,0.5,8090000.0,859156564.07737
2262,0.46,18,2016.01.81,100,91320.0,37426.22951,83018.18182,186367.34694,467000.0,17000.0,15000.0,110,131,0.45643,0.44545,9132000.0,2284443095.18991
2262,0.55,35,2016.01.175,100,93160.0,18447.52475,76360.65574,145562.5,273000.0,5000.0,16000.0,122,266,0.26696,0.52459,9316000.0,771644562.31337
2307,0.4818181818181818,19,2017.03PA.158,110,99463.63636,16780.67485,66713.41463,160897.05882,653000.0,7000.0,13000.0,164,323,0.29656,0.41463,10941000.0,636128473.89104
2307,0.45454545454545453,26,2017.03PA.157,110,98363.63636,25433.87471,69806.45161,150277.77778,588000.0,11000.0,14000.0,155,175,0.4697,0.46452,10820000.0,1234813640.5331
2307,0.6363636363636364,23,2017.03PA.156,110,99490.90909,27890.58524,79304.34783,136800.0,414000.0,13000.0,8000.0,138,160,0.42073,0.57971,10944000.0,1390521161.13621
2307,0.34545454545454546,18,2017.03PA.155,110,99554.54545,29677.50678,79934.30657,233000.0,801000.0,19000.0,8000.0,137,214,0.3881,0.34307,10951000.0,1170012563.33215
2307,0.5454545454545454,35,2017.03PA.154,110,99872.72727,21884.46215,77914.89362,148459.45946,385000.0,9000.0,8000.0,141,171,0.36815,0.52482,10986000.0,894170257.09537
2307,0.5818181818181818,30,2017.03PA.153,110,100000.0,18121.91104,63218.3908,129411.76471,367000.0,7000.0,16000.0,174,230,0.41928,0.48851,11000000.0,831169931.65544
2307,0.5909090909090909,23,2017.03PA.151,110,98918.18182,29554.05405,81812.03008,147040.54054,517000.0,6500.0,22000.0,133,136,0.42765,0.55639,10881000.0,1636394089.21116
2307,0.5181818181818182,16,2017.03PA.150,110,99127.27273,11382.04593,33863.35404,67726.70807,250000.0,3000.0,27000.0,322,267,0.46532,0.5,10904000.0,433130795.39182
2055,0.5102040816326531,30,2016.03.8,98,84142.85714,33520.3252,74963.63636,161686.27451,475000.0,12500.0,13000.0,110,130,0.44715,0.46364,8246000.0,2099222034.17952
2055,0.7448979591836735,27,2016.03.132,98,97510.20408,16648.08362,69751.82482,112423.52941,435000.0,7000.0,17000.0,137,338,0.23868,0.62044,9556000.0,565471052.16752
2055,0.8673469387755102,28,2016.03.6,98,99755.10204,26710.38251,72414.81481,96792.07921,534000.0,16500.0,6000.0,135,202,0.36885,0.74815,9776000.0,1158020001.49712
2167,0.7029702970297029,10,2016.01.75,101,74920.79208,16928.41163,60536.0,98272.72727,287000.0,9000.0,10000.0,125,271,0.28153,0.616,7567000.0,456384998.14408
2262,0.75,13,2016.01.75,100,98230.0,17113.24042,78584.0,112908.04598,323000.0,11000.0,13000.0,125,212,0.32383,0.696,9823000.0,401744571.33128
2055,0.7551020408163265,25,2016.03.2,98,56520.40816,23079.16667,48165.21739,69237.5,215000.0,9000.0,3000.0,115,122,0.47917,0.69565,5539000.0,1023830526.49931
2055,0.7755102040816326,30,2016.03.1,98,85408.16327,20977.44361,74732.14286,102073.17073,349000.0,10000.0,11000.0,112,254,0.2807,0.73214,8370000.0,887941700.98613
2167,0.5841584158415841,33,2016.01.72,101,75742.57426,16276.59574,58846.15385,109285.71429,378000.0,6500.0,6000.0,130,256,0.28078,0.53846,7650000.0,538511817.81064
2262,0.52,15,2016.01.72,100,83320.0,14720.84806,57068.49315,120753.62319,413000.0,5000.0,19000.0,146,256,0.2874,0.4726,8332000.0,565065299.10254
2307,0.41818181818181815,33,2017.03PA.148,110,100145.45455,18895.36878,81600.0,189931.03448,437000.0,3000.0,3000.0,135,289,0.30963,0.42963,11016000.0,972258792.94796
2307,0.6,17,2017.03PA.147,110,99518.18182,24326.66667,85523.4375,149958.90411,640000.0,12500.0,13000.0,128,223,0.31527,0.57031,10947000.0,927432026.72606
2307,0.4727272727272727,32,2017.03PA.146,110,98863.63636,20635.67362,71546.05263,167307.69231,330000.0,7000.0,13000.0,152,342,0.29344,0.42763,10875000.0,958817584.28871
2307,0.4,26,2017.03PA.145,110,99490.90909,19700.17953,68830.18868,171000.0,321000.0,11000.0,17000.0,159,263,0.36552,0.40252,10944000.0,467821816.51447
2307,0.5818181818181818,18,2017.03PA.144,110,99009.09091,27433.24937,66408.53659,128129.41176,624000.0,16000.0,4000.0,164,155,0.47536,0.51829,10891000.0,1307892629.0614
2307,0.4727272727272727,24,2017.03PA.143,110,99736.36364,21305.60928,89926.22951,199472.72727,424000.0,9000.0,12000.0,122,145,0.45693,0.45082,10971000.0,1015794018.86255
2307,0.4636363636363636,19,2017.03PA.141,110,99318.18182,40917.603,95833.33333,206132.07547,434000.0,22000.0,10000.0,114,141,0.42697,0.46491,10925000.0,2489421756.63879
2307,0.6545454545454545,28,2017.03PA.140,110,100090.90909,20388.88889,83409.09091,137625.0,395000.0,5500.0,13000.0,132,221,0.30345,0.60606,11010000.0,1057585034.01361
2167,0.6534653465346535,34,2016.01.64,101,64247.52475,16898.4375,56426.08696,91394.3662,868000.0,3000.0,9000.0,115,229,0.30026,0.61739,6489000.0,1289151538.02219
2167,0.42574257425742573,32,2016.01.159,101,87811.88119,19238.61171,76456.89655,184770.83333,480000.0,5000.0,18000.0,116,324,0.25328,0.41379,8869000.0,1045469027.63369
2262,0.38,30,2016.01.159,100,96100.0,22558.68545,74496.12403,204468.08511,404000.0,5000.0,11000.0,129,233,0.34309,0.36434,9610000.0,1444068312.62082
2167,0.33663366336633666,25,2016.01.158,101,89069.30693,16035.65062,75596.63866,219414.63415,472000.0,2000.0,10000.0,119,359,0.21441,0.34454,8996000.0,989970155.33486
2262,0.34,14,2016.01.158,100,98790.0,15908.21256,78404.7619,246975.0,280000.0,3000.0,20000.0,126,429,0.20826,0.31746,9879000.0,805315755.02571
2167,0.6633663366336634,27,2016.01.61,101,70514.85149,28374.50199,61396.55172,98916.66667,687000.0,8000.0,4000.0,116,123,0.464,0.62069,7122000.0,2143787187.251
2167,0.39603960396039606,36,2016.01.157,101,97960.39604,7669.76744,76107.69231,183222.22222,519000.0,2000.0,17000.0,130,979,0.10188,0.41538,9894000.0,359327634.54635
2262,0.31,28,2016.01.157,100,98540.0,10557.21925,75800.0,229162.7907,322000.0,1000.0,17000.0,130,471,0.16905,0.33077,9854000.0,558606733.15851
2167,0.7524752475247525,29,2016.01.60,101,70633.66337,14987.39496,47879.19463,78395.6044,216000.0,9000.0,8000.0,149,279,0.31435,0.61074,7134000.0,309515630.2521
2262,0.83,31,2016.01.60,100,99520.0,14613.80323,63794.87179,98534.65347,391000.0,8000.0,14000.0,156,319,0.30648,0.64744,9952000.0,369537397.42593
2167,0.504950495049505,31,2016.01.156,101,89990.09901,32230.49645,77025.42373,165254.54545,378000.0,11500.0,8000.0,118,131,0.42294,0.4661,9089000.0,2105622838.89856
2262,0.45,25,2016.01.156,100,93440.0,37829.95951,81252.17391,190693.87755,323000.0,18000.0,4000.0,115,111,0.46559,0.42609,9344000.0,2390572594.7138
2167,0.49504950495049505,17,2016.01.152,101,71415.84158,22682.38994,61649.57265,131145.45455,250000.0,9000.0,1000.0,117,201,0.36909,0.47009,7213000.0,788248963.35536
2262,0.48,17,2016.01.152,100,90300.0,23952.25464,72240.0,161250.0,270000.0,10000.0,8000.0,125,198,0.387,0.448,9030000.0,1061316863.25414
2167,0.43564356435643564,31,2016.01.151,101,63227.72277,14480.72562,52776.8595,130326.53061,280000.0,3000.0,2000.0,121,320,0.27563,0.40496,6386000.0,642204741.29046
2262,0.42,15,2016.01.151,100,89190.0,20456.42202,67568.18182,182020.40816,634000.0,4500.0,8000.0,132,179,0.40994,0.37121,8919000.0,1790317636.82379
2167,0.5445544554455446,26,2016.01.150,101,80128.71287,24230.53892,58644.92754,115614.28571,365000.0,14000.0,6000.0,138,163,0.41692,0.50725,8093000.0,1154003749.25824
2307,0.5545454545454546,28,2017.03PA.138,110,99718.18182,18153.46535,59939.89071,117946.23656,440000.0,8000.0,16000.0,183,300,0.35192,0.5082,10969000.0,707584673.92194
2055,0.8673469387755102,19,2016.03.118,98,80081.63265,21210.81081,66508.47458,83489.3617,690000.0,7000.0,8000.0,118,248,0.32065,0.79661,7848000.0,951229151.10232
2055,0.6428571428571429,30,2016.03.114,98,79806.12245,21907.56303,64106.55738,108625.0,292000.0,7000.0,10000.0,122,234,0.34174,0.59016,7821000.0,1307758285.33661
2167,0.7326732673267327,29,2016.01.58,101,75009.90099,24517.79935,63133.33333,93530.8642,335000.0,11000.0,7000.0,120,156,0.39474,0.675,7576000.0,1025588156.18039
2262,0.72,28,2016.01.58,100,99980.0,24686.41975,86939.13043,133306.66667,507000.0,8000.0,15000.0,115,144,0.4007,0.65217,9998000.0,2016106869.57585
2167,0.5247524752475248,25,2016.01.57,101,77069.30693,21865.16854,56817.51825,119753.84615,468000.0,11000.0,7000.0,137,219,0.3881,0.47445,7784000.0,1110933881.94335
2167,0.6633663366336634,25,2016.01.56,101,66108.91089,19353.62319,57560.34483,87855.26316,338000.0,4000.0,4000.0,116,178,0.33819,0.65517,6677000.0,1010525749.91574
2167,0.6237623762376238,31,2016.01.55,101,76118.81188,20611.26005,50913.90728,99844.15584,378000.0,10000.0,8000.0,151,168,0.40811,0.50993,7688000.0,679792023.408
2167,0.45544554455445546,21,2016.01.54,101,80227.72277,13595.63758,45779.66102,117434.78261,311000.0,4000.0,9000.0,177,369,0.29899,0.38983,8103000.0,558920249.84491
2262,0.63,25,2016.01.53,100,87410.0,19642.69663,64272.05882,112064.10256,263000.0,8000.0,15000.0,136,249,0.307,0.57353,8741000.0,793158082.8019
2167,0.5148514851485149,10,2016.01.52,101,78376.23762,24737.5,67084.74576,136482.75862,372000.0,9500.0,4000.0,118,140,0.37107,0.49153,7916000.0,1240181661.44201
2262,0.58,4,2016.01.52,100,93380.0,15012.86174,72387.5969,127917.80822,521000.0,3000.0,10000.0,129,245,0.27802,0.56589,9338000.0,570199512.24816
2167,0.7128712871287128,25,2016.01.51,101,73831.68317,18012.07729,57806.20155,93212.5,315000.0,10000.0,8000.0,129,279,0.31387,0.62016,7457000.0,529919950.63808
2262,0.51,28,2016.01.51,100,96750.0,25938.3378,73295.45455,166810.34483,368000.0,14000.0,8000.0,132,198,0.39759,0.43939,9675000.0,1090036510.1329
2167,0.56,26,2016.01.50,100,67550.0,19636.62791,63130.84112,116465.51724,206000.0,7000.0,7000.0,107,205,0.31105,0.54206,6755000.0,810412765.27222
2167,0.7920792079207921,39,2016.01.49,101,66168.31683,17224.2268,55691.66667,79559.52381,316000.0,9000.0,8000.0,120,252,0.31169,0.7,6683000.0,652815225.49881
2262,0.85,36,2016.01.49,100,74130.0,18258.62069,60268.29268,79709.67742,342000.0,8000.0,10000.0,123,227,0.33791,0.7561,7413000.0,1049683567.47552
2167,0.5742574257425742,27,2016.01.48,101,81613.86139,20454.09429,77037.38318,132951.6129,245000.0,2000.0,7000.0,107,236,0.26683,0.57944,8243000.0,1356626618.76721
2262,0.66,22,2016.01.48,100,97970.0,27289.69359,85191.30435,136069.44444,574000.0,10000.0,4000.0,115,127,0.42435,0.62609,9797000.0,1767630927.00082
2262,0.59,29,2016.01.47,100,99370.0,20573.49896,84211.86441,146132.35294,427000.0,7000.0,10000.0,118,169,0.35435,0.57627,9937000.0,982319794.16338
2167,0.6534653465346535,34,2016.01.45,101,70217.82178,16926.01432,51021.58273,86487.80488,514000.0,8000.0,6000.0,139,236,0.33333,0.58993,7092000.0,624154800.10506
2167,0.6237623762376238,30,2016.01.43,101,73821.78218,16868.77828,62655.46218,108057.97101,262000.0,4000.0,9000.0,119,319,0.27169,0.57983,7456000.0,705651676.05504
2262,0.41,18,2016.01.42,100,73390.0,21973.05389,57335.9375,149775.5102,241000.0,9000.0,6000.0,128,188,0.4,0.38281,7339000.0,1221419692.14724
2167,0.5643564356435643,22,2016.01.41,101,38940.59406,13423.20819,33905.17241,62428.57143,141000.0,7000.0,3000.0,116,169,0.39863,0.5431,3933000.0,252498363.64486
2262,0.7,17,2016.01.41,100,50100.0,12431.76179,37111.11111,62625.0,274000.0,4000.0,7000.0,135,188,0.39589,0.59259,5010000.0,370176302.11227
2262,0.46,30,2016.01.40,100,77120.0,25285.2459,69477.47748,148307.69231,369000.0,5000.0,8000.0,111,136,0.40072,0.46847,7712000.0,1894237446.0742
2167,0.6039603960396039,16,2016.01.131,101,81643.56436,23033.51955,59753.62319,112958.90411,261000.0,14000.0,9000.0,138,218,0.38764,0.52899,8246000.0,682900834.07665
2167,0.7029702970297029,30,2016.01.37,101,64683.16832,17013.02083,57814.15929,85960.52632,299000.0,7000.0,6000.0,113,248,0.29815,0.67257,6533000.0,487746566.30766
2167,0.504950495049505,26,2016.01.36,101,93435.64356,21447.72727,82780.70175,168517.85714,376000.0,6000.0,8000.0,114,267,0.25968,0.49123,9437000.0,1192616851.31497
2167,0.48514851485148514,23,2016.01.34,101,72237.62376,21458.82353,61310.92437,132654.54545,470000.0,8000.0,8000.0,119,183,0.35103,0.46218,7296000.0,1208473225.75048
2262,0.52,26,2016.01.33,100,99700.0,22710.70615,76106.87023,158253.96825,335000.0,6000.0,3000.0,131,124,0.47292,0.48092,9970000.0,1814639862.28561
2262,0.64,21,2016.01.32,100,81440.0,24530.12048,67866.66667,114704.22535,391000.0,13000.0,17000.0,120,186,0.37736,0.59167,8144000.0,1032358606.63197
2167,0.48514851485148514,26,2016.01.129,101,65188.11881,14598.66962,51437.5,115508.77193,436000.0,5000.0,7000.0,128,306,0.28571,0.44531,6584000.0,519605242.67061
2167,0.45544554455445546,24,2016.01.31,101,79594.05941,18438.07339,69301.72414,167479.16667,389000.0,5000.0,11000.0,116,260,0.26728,0.41379,8039000.0,742163972.37161
2167,0.46534653465346537,21,2016.01.128,101,73465.34653,14664.03162,49139.07285,127931.03448,530000.0,3000.0,11000.0,151,292,0.29901,0.38411,7420000.0,629510664.10989
2262,0.48,20,2016.01.128,100,88720.0,19802.66075,68246.15385,155649.12281,664000.0,5000.0,8000.0,130,174,0.35813,0.43846,8872000.0,1354985415.12688
2167,0.5445544554455446,28,2016.01.30,101,98376.23762,20962.02532,66240.0,139943.66197,458000.0,4000.0,7000.0,150,259,0.31847,0.47333,9936000.0,1150294537.9613
2167,0.6732673267326733,21,2016.01.126,101,92485.14851,24711.64021,76565.57377,121311.68831,575000.0,14000.0,1000.0,122,241,0.3262,0.63115,9341000.0,1029600978.20442
2262,0.66,17,2016.01.126,100,99500.0,22768.87872,75378.78788,125949.36709,412000.0,9000.0,11000.0,132,203,0.36975,0.59848,9950000.0,973467102.63892
2167,0.6435643564356436,30,2016.01.124,101,80178.21782,18573.3945,39120.77295,101225.0,313000.0,2000.0,9000.0,207,202,0.47586,0.38647,8098000.0,1019964715.80724
2167,0.7029702970297029,24,2016.01.122,101,55960.39604,15358.69565,46327.86885,74368.42105,252000.0,7000.0,5000.0,122,182,0.33333,0.62295,5652000.0,414672076.76816
2262,0.73,21,2016.01.122,100,80710.0,10678.10026,60231.34328,97240.96386,411000.0,2000.0,7000.0,134,428,0.21613,0.6194,8071000.0,430696772.07976
2167,0.4752475247524752,33,2016.01.121,101,85663.36634,12033.37969,65545.45455,151789.47368,341000.0,3000.0,7000.0,132,576,0.18436,0.43182,8652000.0,493656265.85981
2262,0.45,26,2016.01.120,100,99290.0,16452.14521,89450.45045,202632.65306,412000.0,4000.0,3000.0,111,320,0.2517,0.44144,9929000.0,829620020.18384
2167,0.7425742574257426,22,2016.01.28,101,70306.93069,17447.17445,63972.97297,87666.66667,242000.0,9000.0,10000.0,111,228,0.27407,0.72973,7101000.0,559370971.06063
2262,0.71,26,2016.01.28,100,89620.0,18252.54582,78614.03509,116389.61039,454000.0,8000.0,13000.0,114,221,0.30319,0.67544,8962000.0,766585070.03616
2167,0.6237623762376238,29,2016.01.27,101,91217.82178,19153.84615,58310.12658,122840.0,484000.0,7000.0,5000.0,158,243,0.33124,0.47468,9213000.0,731997115.38461
2262,0.45,30,2016.01.27,100,99900.0,13722.52747,63630.57325,172241.37931,370000.0,4000.0,10000.0,157,314,0.27544,0.36943,9990000.0,528618914.09828
2262,0.45,21,2016.01.26,100,99680.0,25299.49239,84474.57627,195450.98039,401000.0,11000.0,9000.0,118,228,0.31806,0.4322,9968000.0,1244592009.91979
2167,0.5544554455445545,33,2016.01.25,101,68386.13861,16523.92344,58533.89831,113229.5082,419000.0,4000.0,7000.0,118,249,0.28365,0.51695,6907000.0,865784797.99892
2167,0.6336633663366337,19,2016.01.24,101,64950.49505,14577.77778,47883.21168,85194.80519,289000.0,6000.0,8000.0,137,253,0.30649,0.56204,6560000.0,493954961.64316
2167,0.6732673267326733,32,2016.01.23,101,97801.9802,19217.89883,79024.0,123475.0,611000.0,10000.0,15000.0,125,375,0.24462,0.64,9878000.0,713535273.5492
2167,0.3069306930693069,29,2016.01.119,101,69722.77228,22284.81013,60188.03419,207117.64706,486000.0,8500.0,13000.0,117,198,0.37621,0.2906,7042000.0,1175963070.12256
2262,0.53,34,2016.01.119,100,91690.0,28386.9969,75776.8595,155406.77966,433000.0,12000.0,17000.0,121,128,0.48594,0.4876,9169000.0,1592939830.39441
2262,0.7,26,2016.01.21,100,87980.0,18719.14894,69825.39683,112794.87179,375000.0,5000.0,2000.0,126,175,0.32984,0.61905,8798000.0,1139038225.28694
2167,0.5841584158415841,27,2016.01.118,101,75455.44554,18957.71144,68044.64286,127016.66667,163000.0,7000.0,22000.0,112,257,0.28,0.53571,7621000.0,686574267.06865
2167,0.4752475247524752,33,2016.01.20,101,87544.55446,18812.76596,66481.20301,152448.27586,566000.0,5000.0,9000.0,133,288,0.28419,0.43609,8842000.0,831602395.31824
2262,0.52,23,2016.01.20,100,96890.0,21920.81448,70722.62774,144611.9403,359000.0,8000.0,11000.0,137,224,0.33172,0.48905,9689000.0,942163783.4621
2167,0.3564356435643564,38,2016.01.117,101,65584.15842,27147.54098,62490.56604,174315.78947,221000.0,9500.0,2000.0,106,138,0.44167,0.35849,6624000.0,1133722998.04358
2262,0.56,17,2016.01.116,100,88520.0,22639.38619,72557.37705,147533.33333,312000.0,7000.0,6000.0,122,218,0.32973,0.4918,8852000.0,1045026034.49407
2167,0.5247524752475248,39,2016.01.115,101,69237.62376,13986.0,60808.69565,122684.21053,315000.0,5000.0,5000.0,115,291,0.23046,0.49565,6993000.0,441031867.73547
2167,0.44554455445544555,32,2016.01.114,101,66574.25743,10969.00489,43380.64516,120071.42857,301000.0,2000.0,13000.0,155,444,0.25368,0.36129,6724000.0,623415704.4003
2262,0.35,18,2016.01.114,100,73950.0,16506.69643,58690.47619,180365.85366,323000.0,2500.0,16000.0,126,244,0.3198,0.3254,7395000.0,1135999955.05753
2167,0.6633663366336634,27,2016.01.113,101,88267.32673,19049.1453,55030.8642,104882.35294,467000.0,5000.0,2000.0,162,268,0.34764,0.52469,8915000.0,1089430127.74758
2262,0.5,28,2016.01.113,100,98460.0,19810.86519,78142.85714,175821.42857,1102000.0,4000.0,3000.0,126,250,0.28966,0.44444,9846000.0,1375439962.35477
2167,0.4752475247524752,31,2016.01.112,101,84099.0099,13482.53968,61550.72464,149017.54386,374000.0,3500.0,15000.0,138,279,0.22045,0.41304,8494000.0,513261220.88475
2262,0.61,29,2016.01.112,100,100100.0,14198.58156,77596.89922,137123.28767,430000.0,3000.0,8000.0,129,314,0.21044,0.56589,10010000.0,522119600.25789
2167,0.6633663366336634,22,2016.01.111,101,86000.0,13787.30159,68393.70079,118986.30137,325000.0,5000.0,21000.0,127,413,0.20353,0.5748,8686000.0,408819552.32544
2262,0.57,23,2016.01.111,100,99630.0,17059.93151,86634.78261,166050.0,552000.0,7000.0,12000.0,115,242,0.28186,0.52174,9963000.0,763377191.07592
2262,0.54,26,2016.01.19,100,87260.0,29086.66667,78612.61261,147898.30508,341000.0,10000.0,11000.0,111,164,0.39785,0.53153,8726000.0,1732266711.25975
2167,0.5841584158415841,19,2016.01.18,101,80584.15842,24515.06024,68394.95798,127171.875,380000.0,8000.0,10000.0,119,198,0.35952,0.53782,8139000.0,1415579832.92687
2167,0.7,25,2016.01.17,100,71450.0,18655.35248,52153.28467,95266.66667,293000.0,6000.0,12000.0,137,184,0.3577,0.54745,7145000.0,765064153.21313
2262,0.72,22,2016.01.17,100,96850.0,20350.84034,78104.83871,122594.93671,461000.0,5000.0,7000.0,124,182,0.32124,0.6371,9685000.0,1147272441.39761
2262,0.71,23,2016.01.16,100,99860.0,20092.55533,79253.96825,129688.31169,242000.0,10000.0,20000.0,126,297,0.27938,0.61111,9986000.0,682241416.23937
2167,0.36633663366336633,30,2016.01.15,101,84445.54455,23824.02235,77536.36364,213225.0,346000.0,9000.0,7000.0,110,244,0.30812,0.36364,8529000.0,1173064183.21519
2167,0.5346534653465347,30,2016.01.14,101,86792.07921,7292.84526,53779.1411,116880.0,334000.0,2000.0,13000.0,163,978,0.13617,0.46012,8766000.0,202198932.94689
2167,0.48,26,2016.01.13,100,66850.0,23705.67376,58640.35088,126132.07547,322000.0,5000.0,9000.0,114,139,0.40426,0.46491,6685000.0,1254493134.95369
2262,0.47,29,2016.01.13,100,83840.0,28614.33447,74194.69027,161230.76923,381000.0,4000.0,11000.0,113,156,0.41544,0.46018,8384000.0,2594340478.75076
2167,0.44554455445544555,30,2016.01.12,101,67633.66337,12626.61738,52953.48837,139408.16327,233000.0,3000.0,12000.0,129,412,0.23978,0.37984,6831000.0,402893660.5737
2262,0.45,21,2016.01.12,100,99910.0,16622.92359,81227.64228,185018.51852,424000.0,3000.0,19000.0,123,406,0.2261,0.43902,9991000.0,1159320139.19215
2262,0.39,36,2016.01.109,100,99800.0,22030.90508,81138.21138,226818.18182,428000.0,3000.0,5000.0,123,226,0.32031,0.35772,9980000.0,1900149485.24096
2167,0.5148514851485149,27,2016.01.10,101,99079.20792,29174.92711,85529.91453,172534.48276,593000.0,15000.0,7000.0,117,226,0.34412,0.49573,10007000.0,2095320188.22567
2167,0.5247524752475248,23,2016.01.107,101,81861.38614,13734.21927,55120.0,121588.23529,490000.0,3000.0,6000.0,150,450,0.25,0.45333,8268000.0,696787812.11823
2262,0.48,16,2016.01.107,100,99730.0,18816.98113,70232.39437,166216.66667,403000.0,5000.0,8000.0,142,350,0.27099,0.42254,9973000.0,1044429578.77091
2167,0.5643564356435643,19,2016.01.106,101,97653.46535,35865.45455,81512.39669,159080.64516,261000.0,21000.0,24000.0,121,154,0.44161,0.5124,9863000.0,1865948984.73789
2262,0.58,22,2016.01.106,100,98210.0,27843.13725,76726.5625,144426.47059,289000.0,13000.0,7000.0,128,151,0.45878,0.53125,9821000.0,1286649482.26482
2262,0.47,29,2016.01.105,100,99160.0,18616.10487,62364.77987,137722.22222,296000.0,3000.0,7000.0,159,294,0.33194,0.45283,9916000.0,1043745406.18786
2167,0.6336633663366337,26,2016.01.104,101,62435.64356,13889.86784,48137.40458,86383.56164,212000.0,2500.0,2000.0,131,225,0.28982,0.55725,6306000.0,470252744.79486
2167,0.6732673267326733,27,2016.01.103,101,98475.24752,16067.85137,87245.61404,136246.57534,655000.0,5000.0,19000.0,114,486,0.18447,0.64035,9946000.0,926823867.70603
2262,0.87,20,2016.01.103,100,99320.0,14692.30769,74119.40299,97372.54902,413000.0,6000.0,15000.0,134,425,0.22296,0.76119,9932000.0,487688888.88889
2167,0.594059405940594,25,2016.01.101,101,76564.35644,14729.52381,51899.32886,107402.77778,424000.0,5000.0,8000.0,149,312,0.28544,0.48322,7733000.0,703178611.41403
2262,0.75,17,2016.01.101,100,99590.0,13476.31935,60725.60976,101622.44898,336000.0,5000.0,14000.0,164,348,0.28179,0.59756,9959000.0,452943544.15804
2167,0.7326732673267327,29,2016.01.100,101,68980.19802,19299.16898,61654.86726,87087.5,361000.0,10000.0,10000.0,113,226,0.31564,0.70796,6967000.0,801326915.97415
2262,0.72,22,2016.01.100,100,86160.0,19852.53456,70048.78049,109063.29114,411000.0,10000.0,10000.0,123,210,0.35043,0.64228,8616000.0,774726471.6212
2055,0.5,22,2016.03.87,98,59397.95918,13632.3185,54915.09434,114137.2549,207000.0,8000.0,12000.0,106,321,0.24824,0.48113,5821000.0,300355103.29738
2055,0.6020408163265306,23,2016.03.82,98,82693.87755,14419.92883,51617.83439,98829.26829,337000.0,3000.0,10000.0,157,404,0.27936,0.52229,8104000.0,822703915.85944
2311,0.6759259259259259,24,2015.01.99,108,59666.66667,19950.4644,48451.12782,80550.0,336000.0,11000.0,5000.0,133,154,0.43894,0.6015,6444000.0,990568967.17497
2311,0.7592592592592593,28,2015.01.98,108,90796.2963,32686.66667,87553.57143,116738.09524,409000.0,15000.0,7000.0,112,150,0.41481,0.75,9806000.0,2155266042.36343
2311,0.5648148148148148,13,2015.01.97,108,99675.92593,17169.05901,92801.72414,170873.01587,522000.0,2000.0,17000.0,116,435,0.1856,0.5431,10765000.0,1299498529.9438
2311,0.7685185185185185,15,2015.01.96,108,99333.33333,19088.96797,82523.07692,115354.83871,492000.0,6000.0,15000.0,130,347,0.23941,0.71538,10728000.0,1128694387.88132
2055,0.5204081632653061,16,2016.03.71,98,75765.30612,20067.56757,56679.38931,119758.06452,308000.0,4500.0,11000.0,131,237,0.35405,0.47328,7425000.0,1228691899.21628
2311,0.6851851851851852,32,2015.01.95,108,99620.37037,29316.07629,88917.35537,137935.89744,415000.0,17000.0,5000.0,121,158,0.3297,0.64463,10759000.0,1314462664.34389
2311,0.6851851851851852,8,2015.01.94,108,99620.37037,31644.11765,86766.12903,131207.31707,574000.0,7000.0,9000.0,124,158,0.36578,0.66129,10759000.0,3336766779.45515
2311,0.6111111111111112,22,2015.01.92,108,89638.88889,16243.28859,64540.0,119518.51852,426000.0,7000.0,9000.0,150,181,0.40541,0.54,9681000.0,705949114.54515
2311,0.6388888888888888,26,2015.01.89,108,79462.96296,9159.01814,63102.94118,108632.91139,298000.0,2000.0,8000.0,136,732,0.14608,0.58088,8582000.0,343422335.78706
2055,0.6632653061224489,32,2016.03.64,98,88377.55102,28966.55518,81707.54717,125521.73913,352000.0,15000.0,2000.0,106,167,0.35452,0.65094,8661000.0,1336334448.16054
2311,0.7685185185185185,28,2015.01.88,108,84416.66667,20533.78378,67533.33333,98032.25806,493000.0,12000.0,7000.0,135,264,0.30682,0.68889,9117000.0,655463867.36624
2055,0.5918367346938775,24,2016.03.63,98,93979.59184,24300.79156,59419.35484,122800.0,414000.0,13000.0,8000.0,155,210,0.40897,0.48387,9210000.0,982644734.82152
2311,0.7407407407407407,13,2015.01.87,108,77268.51852,24836.30952,68966.94215,97034.88372,409000.0,12000.0,10000.0,121,164,0.40199,0.71074,8345000.0,1488770140.36958
2311,0.75,18,2015.01.83,108,82212.96296,16565.29851,69367.1875,100897.72727,382000.0,3000.0,3000.0,128,163,0.36994,0.6875,8879000.0,699898531.87334
2311,0.5925925925925926,37,2015.01.82,108,81620.37037,22092.73183,68867.1875,125928.57143,365000.0,4000.0,2000.0,128,246,0.33862,0.54688,8815000.0,1212370776.18669
2311,0.75,16,2015.01.81,108,87240.74074,10601.79978,65430.55556,101311.82796,404000.0,3000.0,11000.0,144,569,0.16308,0.64583,9422000.0,397875041.80221
2311,0.6018518518518519,28,2015.01.80,108,91888.88889,25060.60606,86295.65217,145941.17647,411000.0,8000.0,7000.0,115,243,0.29114,0.5913,9924000.0,1671571001.15074
2055,0.826530612244898,21,2016.03.59,98,75897.95918,24467.10526,67618.18182,86488.37209,322000.0,12000.0,7000.0,110,138,0.36184,0.78182,7438000.0,1205497264.2001
2055,0.5612244897959183,29,2016.03.55,98,58428.57143,17195.1952,47716.66667,90888.88889,244000.0,6000.0,8000.0,120,189,0.36036,0.525,5726000.0,593723832.266
2311,0.7962962962962963,20,2015.01.78,108,97703.7037,18351.30435,64341.46341,93380.53097,675000.0,9000.0,8000.0,164,328,0.2913,0.68902,10552000.0,780750934.70686
2055,0.4387755102040816,16,2016.03.53,98,99826.53061,14689.18919,81525.0,195660.0,297000.0,4000.0,16000.0,120,513,0.18018,0.41667,9783000.0,609405507.01077
2311,0.4722222222222222,15,2015.01.74,108,97203.7037,25296.38554,88966.10169,187464.28571,480000.0,4000.0,17000.0,118,240,0.29648,0.47458,10498000.0,2437827402.36307
2311,0.6574074074074074,12,2015.01.73,108,78879.62963,15721.40221,65530.76923,102638.55422,498000.0,3000.0,8000.0,130,354,0.24074,0.63846,8519000.0,1003040539.25013
2311,0.5092592592592593,16,2015.01.71,108,96972.22222,14550.0,60537.57225,132569.62025,408000.0,6000.0,8000.0,173,340,0.27244,0.45665,10473000.0,509185257.30181
2311,0.7129629629629629,31,2015.01.69,108,91472.22222,10111.56602,61360.24845,99787.87879,312000.0,3000.0,16000.0,161,751,0.16598,0.61491,9879000.0,372474220.59835
2311,0.6944444444444444,7,2015.01.68,108,69916.66667,16450.98039,61390.2439,92085.36585,398000.0,4000.0,9000.0,123,259,0.31701,0.66667,7551000.0,627636783.97123
2055,0.5,24,2016.03.43,98,99622.44898,19031.18908,91242.99065,184207.54717,388000.0,3000.0,11000.0,107,370,0.20858,0.49533,9763000.0,1278928712.84113
2311,0.8055555555555556,23,2015.01.67,108,99185.18519,31692.30769,91555.55556,119022.22222,386000.0,21000.0,7000.0,117,198,0.3503,0.76923,10712000.0,1601080118.69436
2311,0.7592592592592593,23,2016.03.41,108,99490.74074,27065.49118,92629.31034,127916.66667,576000.0,10000.0,13000.0,116,280,0.29293,0.72414,10745000.0,1451394689.97278
2311,0.7129629629629629,13,2015.01.65,108,65250.0,20485.46512,40500.0,71908.16327,324000.0,9000.0,7000.0,174,152,0.50877,0.56322,7047000.0,1189819030.10374
2055,0.8163265306122449,17,2016.03.40,98,87255.10204,26149.84709,66804.6875,96078.65169,594000.0,12000.0,4000.0,128,139,0.39144,0.69531,8551000.0,1729452937.09311
2311,0.6574074074074074,22,2015.01.63,108,73564.81481,8241.70124,49043.20988,88277.77778,422000.0,2000.0,9000.0,162,800,0.1684,0.55556,7945000.0,445807563.4579
2311,0.7314814814814815,30,2015.01.61,108,99611.11111,24505.69476,82753.84615,122250.0,405000.0,10000.0,11000.0,130,231,0.30374,0.67692,10758000.0,1454013095.34954
2055,0.5408163265306123,13,2016.03.36,98,89295.91837,26279.27928,74161.01695,143459.01639,403000.0,8000.0,5000.0,118,154,0.35435,0.51695,8751000.0,1485033213.93683
2055,0.7244897959183674,31,2016.03.35,98,82551.02041,27800.68729,68559.32203,106447.36842,385000.0,13000.0,8000.0,118,151,0.4055,0.64407,8090000.0,1495539447.80187
2055,0.8061224489795918,24,2016.03.34,98,78397.95918,21888.88889,64563.02521,91464.28571,311000.0,12000.0,8000.0,119,229,0.33903,0.70588,7683000.0,760236190.47619
2055,0.7857142857142857,21,2016.03.33,98,99306.12245,31597.4026,82474.57627,113162.7907,325000.0,25000.0,10000.0,118,159,0.38312,0.72881,9732000.0,882925335.25107
2055,0.7142857142857143,20,2016.03.31,98,99948.97959,26401.61725,87455.35714,127207.79221,427000.0,7000.0,6000.0,112,243,0.30189,0.6875,9795000.0,2005511240.62067
2311,0.5740740740740741,11,2015.01.56,108,99861.11111,26050.72464,70032.46753,134812.5,485000.0,11000.0,8000.0,154,232,0.37198,0.51948,10785000.0,1690159648.38404
2311,0.5555555555555556,24,2015.01.54,108,79462.96296,12365.99424,56460.52632,111454.54545,308000.0,4500.0,21000.0,152,492,0.21902,0.50658,8582000.0,466849981.9105
2311,0.6944444444444444,22,2015.01.52,108,98694.44444,34719.86971,78955.55556,122517.24138,717000.0,19000.0,6000.0,135,172,0.43974,0.64444,10659000.0,2452261139.85225
2311,0.5370370370370371,24,2015.01.51,108,74333.33333,22362.11699,65803.27869,129483.87097,508000.0,11000.0,6000.0,122,173,0.33983,0.5082,8028000.0,1080427164.22091
2311,0.6388888888888888,24,2015.01.50,108,98231.48148,34557.00326,91456.89655,147347.22222,451000.0,8000.0,4000.0,116,137,0.37785,0.62069,10609000.0,3185613570.07516
2167,0.5247524752475248,15,2016.01.9,101,82594.05941,16518.81188,68942.14876,139033.33333,534000.0,3000.0,7000.0,121,275,0.24248,0.49587,8342000.0,772357284.29986
2262,0.7,9,2016.01.9,100,99300.0,17732.14286,70928.57143,118214.28571,388000.0,4000.0,9000.0,140,255,0.2935,0.6,9930000.0,778071236.90264
2167,0.594059405940594,40,2016.01.8,101,76019.80198,25009.77199,66765.21739,116333.33333,303000.0,8000.0,4000.0,115,166,0.37829,0.57391,7678000.0,1297101211.38575
2262,0.5,20,2016.01.8,100,84260.0,24005.69801,73912.2807,153200.0,442000.0,9000.0,3000.0,114,136,0.42222,0.48246,8426000.0,1257771396.0114
2262,0.68,29,2016.01.7,100,68540.0,15506.78733,57596.63866,91386.66667,483000.0,4000.0,8000.0,119,258,0.29975,0.63025,6854000.0,978286801.90025
2167,0.3564356435643564,23,2016.01.6,101,72425.74257,24712.83784,63608.69565,187564.10256,272000.0,10500.0,2000.0,115,167,0.38983,0.33913,7315000.0,884368105.81768
2262,0.37,25,2016.01.6,100,84570.0,24094.01709,77587.15596,216846.15385,286000.0,9000.0,13000.0,109,164,0.37457,0.3578,8457000.0,1145616849.81685
2167,0.6633663366336634,26,2016.01.5,101,82861.38614,22497.31183,61087.59124,105936.70886,345000.0,14000.0,10000.0,137,199,0.36927,0.57664,8369000.0,708229103.26639
2262,0.63,30,2016.01.5,100,99860.0,22290.17857,67472.97297,123283.95062,475000.0,10000.0,6000.0,148,164,0.42286,0.5473,9986000.0,928430149.40876
2167,0.5247524752475248,41,2016.01.4,101,70603.9604,16739.43662,50935.71429,120864.40678,364000.0,9000.0,13000.0,140,238,0.33019,0.42143,7131000.0,713779005.7995
2167,0.801980198019802,20,2016.01.3,101,73277.22772,13145.64831,54021.89781,77905.26316,361000.0,7000.0,7000.0,137,376,0.24421,0.69343,7401000.0,312964513.94727
2262,0.85,24,2016.01.3,100,91720.0,13312.04644,61972.97297,92646.46465,342000.0,5000.0,10000.0,148,353,0.27106,0.66892,9172000.0,462063822.69551
2167,0.8514851485148515,27,2016.01.2,101,82891.08911,21194.93671,64899.22481,88126.31579,431000.0,7000.0,3000.0,129,215,0.32824,0.73643,8372000.0,1150670025.05943
2055,0.7857142857142857,24,2016.03.29,98,99673.46939,24729.11392,88800.0,120592.59259,441000.0,17000.0,11000.0,110,285,0.27848,0.73636,9768000.0,747309683.22303
2055,0.7244897959183674,31,2016.03.27,98,98632.65306,31588.23529,86303.57143,125532.46753,477000.0,15000.0,16000.0,112,159,0.36601,0.6875,9666000.0,1705049566.05593
2055,0.6632653061224489,21,2016.03.26,98,84500.0,24213.45029,67877.04918,116633.80282,283000.0,12000.0,11000.0,122,220,0.35673,0.58197,8281000.0,1040966035.5679
2055,0.5612244897959183,16,2016.03.25,98,99806.12245,25339.37824,73541.35338,139728.57143,305000.0,6000.0,8000.0,133,253,0.34456,0.52632,9781000.0,1429892315.45656
2055,0.8163265306122449,15,2016.03.23,98,99826.53061,24036.85504,94067.30769,117867.46988,470000.0,10000.0,16000.0,104,259,0.25553,0.79808,9783000.0,1099124254.12425
2311,0.7314814814814815,27,2015.01.46,108,98287.03704,25827.25061,74230.76923,120625.0,1130000.0,9000.0,8000.0,143,238,0.34793,0.61538,10615000.0,3055972523.88582
2055,0.6938775510204082,24,2016.03.21,98,99908.16327,33762.06897,67524.13793,112540.22989,358000.0,19000.0,6000.0,145,145,0.5,0.6,9791000.0,1611690597.7807
2311,0.8333333333333334,20,2015.01.42,108,100092.59259,21113.28125,75069.44444,102952.38095,553000.0,8000.0,6000.0,144,314,0.28125,0.72917,10810000.0,1783650547.33366
2311,0.6203703703703703,12,2015.01.41,108,92092.59259,18050.8167,68123.28767,134405.40541,502000.0,4000.0,8000.0,146,228,0.32883,0.50685,9946000.0,1316011958.4227
2055,0.5612244897959183,25,2016.03.18,98,97765.30612,18425.0,81194.91525,147400.0,319000.0,5500.0,18000.0,118,314,0.22692,0.55085,9581000.0,891331551.05973
2055,0.826530612244898,23,2016.03.16,98,76683.67347,23781.64557,71571.42857,90542.16867,214000.0,8000.0,9000.0,105,211,0.33228,0.79048,7515000.0,1149314074.74382
2311,0.7314814814814815,30,2015.01.39,108,99777.77778,19005.29101,69974.02597,115870.96774,467000.0,8000.0,18000.0,154,413,0.2716,0.6039,10776000.0,1079924000.22435
2311,0.6018518518518519,36,2015.01.38,108,99351.85185,22733.05085,72500.0,135822.78481,581000.0,9000.0,5000.0,148,203,0.38845,0.53378,10730000.0,1158336230.16301
2055,0.7959183673469388,21,2016.03.13,98,76520.40816,15525.87992,66955.35714,88223.52941,430000.0,4000.0,10000.0,112,357,0.23188,0.75893,7499000.0,733307938.79883
2311,0.7407407407407407,28,2015.01.36,108,69037.03704,17100.91743,57353.84615,83775.2809,514000.0,6000.0,9000.0,130,260,0.30233,0.68462,7456000.0,902380596.85754
2311,0.7129629629629629,26,2015.01.35,108,98444.44444,30639.76945,85741.93548,131259.25926,494000.0,16000.0,9000.0,124,221,0.35735,0.65323,10632000.0,2146566390.69814
2311,0.6203703703703703,27,2015.01.34,108,98824.07407,27866.84073,69305.19481,128590.36145,667000.0,12000.0,5000.0,154,190,0.43017,0.53896,10673000.0,1789885363.5531
2311,0.6759259259259259,4,2015.01.33,108,64250.0,21285.27607,51783.58209,84621.95122,403000.0,9000.0,5000.0,134,154,0.41104,0.61194,6939000.0,1035755290.23124
2311,0.6759259259259259,14,2015.01.31,108,79083.33333,17324.54361,64704.54545,100482.35294,385000.0,2000.0,12000.0,132,323,0.28326,0.64394,8541000.0,942723725.6551
2311,0.5833333333333334,16,2015.01.30,108,69324.07407,23693.03797,58038.75969,106957.14286,328000.0,7000.0,9000.0,129,178,0.4202,0.54264,7487000.0,1277438808.51919
2311,0.6759259259259259,31,2015.01.28,108,98777.77778,43016.12903,85344.0,138545.45455,357000.0,27000.0,3000.0,125,120,0.5102,0.616,10668000.0,2657983544.46911
2311,0.7592592592592593,14,2015.01.26,108,99351.85185,25011.65501,77194.2446,109489.79592,416000.0,11000.0,6000.0,139,290,0.32401,0.70504,10730000.0,1273773228.3293
2311,0.6018518518518519,25,2015.01.25,108,75675.92593,20796.43766,65384.0,118449.27536,264000.0,9000.0,17000.0,125,232,0.31807,0.552,8173000.0,1071463558.70593
2311,0.6944444444444444,19,2015.01.24,108,84685.18519,25719.10112,72015.74803,108880.95238,585000.0,8000.0,2000.0,127,146,0.44561,0.66142,9146000.0,2521813831.30242
2311,0.7129629629629629,26,2015.01.23,108,91398.14815,22002.22222,58755.95238,103905.26316,567000.0,9000.0,6000.0,168,184,0.43411,0.56548,9871000.0,1393917589.70552
2311,0.7129629629629629,41,2015.01.21,108,98231.48148,22913.60691,54405.12821,91456.89655,638000.0,12000.0,8000.0,195,203,0.42208,0.59487,10609000.0,1457178667.26506
2311,0.5740740740740741,28,2015.01.20,108,90453.7037,24061.57635,80073.77049,145805.97015,597000.0,7500.0,11000.0,122,230,0.30049,0.54918,9769000.0,1506487557.01515
2311,0.6851851851851852,26,2015.01.9,108,92037.03704,20368.85246,77054.26357,119759.03614,557000.0,4500.0,12000.0,129,323,0.26434,0.64341,9940000.0,1245259972.39708
2311,0.7685185185185185,23,2015.01.19,108,85564.81481,25812.84916,83252.25225,110011.90476,432000.0,2000.0,6000.0,111,231,0.31006,0.75676,9241000.0,3171093727.99398
2311,0.7222222222222222,19,2015.01.8,108,99425.92593,12480.83624,80736.84211,127833.33333,466000.0,2000.0,8000.0,133,545,0.16522,0.63158,10738000.0,682303411.39293
2311,0.6759259259259259,16,2015.01.167,108,90092.59259,31488.67314,74846.15385,117228.91566,524000.0,15000.0,4000.0,130,149,0.46263,0.63846,9730000.0,2163322111.54542
2311,0.5277777777777778,37,2015.01.7,108,95009.25926,25211.30221,74355.07246,153149.25373,445000.0,9000.0,5000.0,138,154,0.40588,0.48551,10261000.0,1869344403.96509
2311,0.5648148148148148,31,2015.01.166,108,97601.85185,24400.46296,76384.05797,138697.36842,552000.0,6500.0,11000.0,138,294,0.31944,0.55072,10541000.0,1440050394.21672
2311,0.7870370370370371,17,2015.01.17,108,88490.74074,32729.45205,78336.06557,106188.88889,455000.0,16000.0,6000.0,122,140,0.43262,0.7377,9557000.0,2268122428.5647
2311,0.7222222222222222,29,2015.01.6,108,99490.74074,28276.31579,63958.33333,104320.38835,424000.0,18500.0,8000.0,168,186,0.44444,0.6131,10745000.0,1265240070.8235
2311,0.7777777777777778,25,2015.01.165,108,74657.40741,28693.95018,66090.16393,89588.88889,396000.0,7000.0,5000.0,122,159,0.43416,0.7377,8063000.0,2208941713.26894
2311,0.7777777777777778,30,2015.01.5,108,92101.85185,31279.87421,74231.34328,109307.69231,398000.0,20000.0,9000.0,134,150,0.42138,0.6791,9947000.0,1309804704.08507
2311,0.7870370370370371,26,2015.01.164,108,99833.33333,25132.86713,87658.53659,122522.72727,482000.0,11000.0,12000.0,123,288,0.28671,0.71545,10782000.0,1776489314.42389
2311,0.7129629629629629,26,2015.01.15,108,98564.81481,16580.99688,64515.15152,105396.0396,510000.0,5000.0,7000.0,165,277,0.36105,0.61212,10645000.0,894287501.03275
2311,0.6203703703703703,22,2015.01.14,108,69879.62963,12172.58065,35102.32558,63957.62712,389000.0,6000.0,5000.0,215,244,0.46436,0.54884,7547000.0,297438665.38121
2311,0.5648148148148148,5,2015.01.2,108,79907.40741,15662.43194,68492.06349,123285.71429,529000.0,7000.0,7000.0,126,416,0.22951,0.55556,8630000.0,641420386.0749
2311,0.5185185185185185,37,2015.01.13,108,84370.37037,19553.64807,59168.83117,128338.02817,557000.0,6000.0,9000.0,154,179,0.4375,0.46104,9112000.0,1383073459.78125
2311,0.6296296296296297,37,2015.01.11,108,97583.33333,29113.25967,69335.52632,130111.11111,457000.0,14000.0,6000.0,152,190,0.42938,0.53289,10539000.0,1658904034.22047
2311,0.7129629629629629,22,2015.01.10,108,98453.7037,34522.72727,92460.86957,134594.93671,478000.0,13000.0,4000.0,115,158,0.37582,0.68696,10633000.0,3004589058.3358
2311,0.5925925925925926,25,2015.01.151,108,72333.33333,11471.36564,52783.78378,96444.44444,393000.0,2000.0,14000.0,148,491,0.21861,0.5473,7812000.0,525393664.1617
2710,0.49504950495049505,24,2016.01.68,101,98514.85149,11573.08585,84322.0339,171551.72414,318000.0,4000.0,11000.0,118,492,0.18971,0.49153,9950000.0,336435418.80563
2710,0.4752475247524752,25,2016.01.57,101,90950.49505,20877.27273,60834.43709,145809.52381,659000.0,9000.0,13000.0,151,228,0.38325,0.41722,9186000.0,1308253696.41748
2710,0.49504950495049505,27,2016.01.121,101,98564.35644,20309.5723,76576.92308,163196.72131,581000.0,7000.0,13000.0,130,219,0.36415,0.46923,9955000.0,1016977438.79629
2710,0.55,25,2016.01.120,100,99640.0,13379.35657,75484.84848,150969.69697,301000.0,4000.0,7000.0,132,319,0.26559,0.5,9964000.0,453156566.5653
2710,0.42574257425742573,30,2016.01.114,101,48346.53465,14319.64809,42460.86957,103893.61702,455000.0,3000.0,7000.0,115,171,0.37459,0.4087,4883000.0,853382818.69932
2710,0.45544554455445546,28,2016.01.29,101,74693.06931,19002.51889,59401.5748,134714.28571,385000.0,4000.0,9000.0,127,270,0.32152,0.44094,7544000.0,1009103528.9927
2710,0.5247524752475248,30,2016.01.25,101,78910.89109,15908.18363,64796.74797,122615.38462,442000.0,7000.0,10000.0,123,260,0.31061,0.52846,7970000.0,741795552.89421
2710,0.5643564356435643,21,2016.01.6,101,83732.67327,17993.61702,60841.72662,115849.31507,299000.0,5000.0,8000.0,139,258,0.33985,0.52518,8457000.0,716820854.6931
2710,0.5148514851485149,33,2016.01.15,101,76792.07921,12291.60063,54619.71831,114058.82353,281000.0,4000.0,11000.0,142,440,0.24232,0.47887,7756000.0,349632294.41803
2719,0.5363636363636364,23,2017.01.9,110,87918.18182,15448.88179,94813.72549,161183.33333,519000.0,2000.0,13000.0,102,467,0.17895,0.58824,9671000.0,1400260582.7476
2719,0.6545454545454545,29,2017.01.8,110,57963.63636,13146.39175,53133.33333,81743.58974,489000.0,3000.0,6000.0,120,313,0.26966,0.65,6376000.0,790563235.92059
2719,0.7,25,2017.01.7,110,85490.90909,10554.43322,64410.9589,100042.55319,447000.0,3000.0,13000.0,146,610,0.1867,0.64384,9404000.0,550323719.08851
2719,0.6090909090909091,28,2017.01.5,110,76463.63636,30585.45455,82460.78431,125537.31343,426000.0,11000.0,6000.0,102,143,0.408,0.65686,8411000.0,1764331174.51891
2719,0.7623762376237624,24,2017.01.4,101,98683.16832,26298.15303,92287.03704,127782.05128,879000.0,9000.0,7000.0,108,226,0.28571,0.72222,9967000.0,2173246848.43154
2719,0.6363636363636364,18,2017.01.59,110,76872.72727,20425.12077,71058.82353,114270.27027,692000.0,8000.0,5000.0,119,259,0.32162,0.62185,8456000.0,1857562176.1355
2719,0.6545454545454545,26,2017.01.58,110,63672.72727,15668.9038,58366.66667,89794.87179,453000.0,6000.0,11000.0,120,291,0.30691,0.65,7004000.0,630795959.10956
2719,0.6545454545454545,21,2017.01.3,110,58245.45455,10914.82112,45439.71631,75376.47059,332000.0,4000.0,6000.0,141,290,0.28543,0.60284,6407000.0,289699216.81948
2719,0.7636363636363637,26,2017.01.2,110,89481.81818,20592.05021,80680.32787,108164.83516,522000.0,9000.0,10000.0,122,282,0.28842,0.7459,9843000.0,1091466351.76267
2719,0.6909090909090909,22,2017.01.57,110,76127.27273,10667.51592,72817.3913,102121.95122,227000.0,4000.0,15000.0,115,520,0.17941,0.71304,8374000.0,277099772.52047
2719,0.7090909090909091,11,2017.01.55,110,77500.0,16300.1912,54299.36306,82766.99029,362000.0,6000.0,6000.0,157,328,0.34279,0.65605,8525000.0,641260287.31969
2719,0.7181818181818181,24,2017.01.54,110,55745.45455,16800.0,54750.0,73879.51807,279000.0,10000.0,7000.0,112,171,0.38225,0.74107,6132000.0,360869230.76923
2719,0.5727272727272728,33,2016.01.159,110,69181.81818,9224.24242,65042.73504,110289.85507,287000.0,3000.0,3000.0,117,563,0.16525,0.58974,7610000.0,245921741.68873
2719,0.44545454545454544,26,2016.01.158,110,57236.36364,11104.05644,49968.25397,108551.72414,388000.0,3000.0,2000.0,126,341,0.252,0.46032,6296000.0,369782439.34663
2719,0.6,43,2017.01.52,110,78918.18182,17327.34531,65270.67669,118917.80822,606000.0,5000.0,1000.0,133,304,0.3009,0.54887,8681000.0,806644630.73852
2719,0.6454545454545455,25,2017.01.50,110,31736.36364,14020.08032,32324.07407,49169.01408,131000.0,8000.0,4000.0,108,138,0.46552,0.65741,3491000.0,277931046.76772
2719,0.5454545454545454,27,2016.01.155,110,64709.09091,16947.61905,64126.12613,109507.69231,266000.0,6000.0,7000.0,111,166,0.38408,0.58559,7118000.0,847443550.40346
2719,0.5,22,2017.01.129,110,48336.36364,10146.94656,43227.64228,81800.0,246000.0,4000.0,3000.0,123,350,0.27033,0.52846,5317000.0,260125592.95316
2719,0.7545454545454545,22,2017.01.128,110,90581.81818,16442.24422,76646.15385,102721.64948,358000.0,7000.0,4000.0,130,273,0.27601,0.74615,9964000.0,670333022.39315
2719,0.6909090909090909,25,2017.01.127,110,65509.09091,24762.8866,68628.57143,92384.61538,813000.0,12000.0,5000.0,105,149,0.44118,0.74286,7206000.0,1675140135.0871
2719,0.7,24,2017.01.126,110,64445.45455,13765.04854,51744.52555,76225.80645,299000.0,8000.0,8000.0,137,177,0.4377,0.67883,7089000.0,305172316.87507
2719,0.5700934579439252,26,2017.01.125,107,90457.94393,13062.07827,63677.63158,124089.74359,547000.0,6000.0,3000.0,152,492,0.20822,0.51316,9679000.0,315612357.29657
2719,0.6605504587155964,23,2017.01.124,109,55045.87156,12345.67901,53571.42857,77922.07792,264000.0,4000.0,6000.0,112,181,0.34251,0.6875,6000000.0,416919434.89882
2719,0.7272727272727273,23,2017.01.123,110,79190.90909,13871.01911,64525.92593,94684.78261,490000.0,6000.0,9000.0,135,322,0.24281,0.68148,8711000.0,514386846.16869
2719,0.6818181818181818,18,2017.01.122,110,85227.27273,20118.02575,80128.20513,117187.5,666000.0,3500.0,3000.0,117,325,0.27273,0.68376,9375000.0,2370246255.01869
2719,0.6272727272727273,14,2017.01.121,110,38772.72727,8941.29979,36452.99145,56118.42105,563000.0,3000.0,4000.0,117,240,0.29323,0.64957,4265000.0,404878899.98767
2719,0.7090909090909091,28,2017.01.120,110,87536.36364,15915.70248,66868.05556,105813.18681,422000.0,5000.0,10000.0,144,326,0.31304,0.63194,9629000.0,743203147.06365
2719,0.5272727272727272,31,2017.01.49,110,71972.72727,13768.69565,61372.09302,114739.13043,507000.0,5000.0,8000.0,129,239,0.35635,0.53488,7917000.0,637749540.97864
2719,0.5818181818181818,22,2017.01.48,110,87172.72727,11267.92009,73761.53846,124532.46753,478000.0,4000.0,7000.0,130,431,0.21311,0.59231,9589000.0,343902252.02184
2719,0.7909090909090909,26,2017.01.47,110,89936.36364,13496.58936,92457.94393,113712.64368,620000.0,4000.0,12000.0,107,580,0.15923,0.81308,9893000.0,620263991.08388
2719,0.6909090909090909,12,2017.01.46,110,75445.45455,16664.65863,75445.45455,103737.5,478000.0,6000.0,6000.0,110,282,0.28061,0.72727,8299000.0,877225348.07237
2719,0.6363636363636364,32,2017.01.45,110,89690.90909,19575.39683,77685.03937,123325.0,575000.0,7500.0,6000.0,127,235,0.32398,0.62992,9866000.0,842252753.32134
2719,0.6181818181818182,22,2017.01.44,110,62063.63636,13736.41851,58853.44828,93520.54795,309000.0,6000.0,7000.0,116,287,0.29517,0.62931,6827000.0,419388046.01804
2719,0.8,24,2017.01.41,110,89118.18182,11796.63057,80352.45902,102114.58333,537000.0,3000.0,14000.0,122,526,0.17862,0.78689,9803000.0,479210398.27179
2719,0.6363636363636364,25,2017.01.40,110,59045.45455,13819.14894,60138.88889,88972.60274,659000.0,3000.0,8000.0,108,280,0.25532,0.67593,6495000.0,1446156988.61316
2719,0.6454545454545455,24,2017.01.118,110,64572.72727,18212.82051,61765.21739,94706.66667,377000.0,8000.0,11000.0,115,232,0.31421,0.65217,7103000.0,648306776.08595
2719,0.5181818181818182,23,2017.01.117,110,76290.90909,16200.7722,61255.47445,116555.55556,658000.0,7000.0,1000.0,137,331,0.29211,0.52555,8392000.0,1047387078.70623
2719,0.5818181818181818,21,2017.01.116,110,35372.72727,12009.25926,33834.78261,55585.71429,177000.0,5000.0,7000.0,115,192,0.37582,0.6087,3891000.0,286758427.93258
2719,0.6090909090909091,26,2016.01.57,110,55709.09091,12134.65347,42555.55556,78564.10256,231000.0,6000.0,3000.0,144,309,0.30835,0.54167,6128000.0,365783419.77055
2719,0.7181818181818181,25,2017.01.115,110,77427.27273,11032.38342,58737.93103,86908.16327,484000.0,4000.0,7000.0,145,349,0.25483,0.67586,8517000.0,435530726.86707
2719,0.45454545454545453,31,2017.01.114,110,29890.90909,10307.21003,26731.70732,59781.81818,111000.0,4000.0,7000.0,123,137,0.4786,0.44715,3288000.0,164987086.21675
2719,0.7181818181818181,21,2017.01.113,110,64781.81818,15161.70213,63625.0,85855.42169,359000.0,5000.0,11000.0,112,257,0.32464,0.74107,7126000.0,585095331.85138
2719,0.7090909090909091,21,2017.01.111,110,72263.63636,15227.96935,71612.61261,99362.5,348000.0,5000.0,2000.0,111,257,0.30081,0.72072,7949000.0,758506471.49234
2719,0.7272727272727273,18,2017.01.39,110,61745.45455,16366.26506,62888.88889,82829.26829,310000.0,6000.0,8000.0,108,174,0.32143,0.75926,6792000.0,620894511.37885
2719,0.7363636363636363,27,2017.01.38,110,86054.54545,16491.2892,77590.16393,106359.55056,419000.0,5000.0,8000.0,122,374,0.2635,0.72951,9466000.0,833761704.09423
2719,0.33636363636363636,22,2017.01.37,110,34327.27273,9936.84211,28606.06061,72615.38462,109000.0,3000.0,5000.0,132,132,0.5259,0.39394,3776000.0,234064602.13859
2719,0.6818181818181818,26,2017.01.36,110,64445.45455,13007.33945,62734.51327,92064.93506,323000.0,5000.0,11000.0,113,263,0.23941,0.68142,7089000.0,463264651.91581
2719,0.5727272727272728,18,2017.01.35,110,67227.27273,15310.55901,62142.85714,107173.91304,376000.0,6000.0,8000.0,119,187,0.34294,0.57983,7395000.0,726716631.01467
2719,0.5181818181818182,27,2017.01.99,110,59636.36364,15508.27423,52903.22581,105806.45161,305000.0,6000.0,2000.0,124,186,0.3949,0.5,6560000.0,639534883.98149
2719,0.7,28,2017.01.33,110,89727.27273,15022.83105,75923.07692,107282.6087,1282000.0,7000.0,8000.0,130,326,0.26915,0.70769,9870000.0,933854660.87538
2719,0.38181818181818183,31,2017.01.98,110,49081.81818,15786.54971,37493.05556,96410.71429,228000.0,5000.0,2000.0,144,186,0.4472,0.38889,5399000.0,637470434.39488
2719,0.6545454545454545,23,2017.01.97,110,82118.18182,25956.89655,80651.78571,120440.0,431000.0,12000.0,11000.0,112,236,0.34251,0.66964,9033000.0,1291666724.6348
2719,0.6363636363636364,13,2017.01.31,110,90127.27273,13451.83175,86208.69565,130447.36842,343000.0,7000.0,15000.0,115,355,0.21536,0.66087,9914000.0,294818668.51513
2719,0.6818181818181818,21,2017.01.96,110,74100.0,16302.0,68495.79832,101887.5,318000.0,8000.0,9000.0,119,288,0.29455,0.67227,8151000.0,568852501.002
2719,0.6454545454545455,27,2017.01.95,110,90745.45455,15769.35229,66546.66667,110911.11111,647000.0,7000.0,6000.0,150,377,0.27422,0.6,9982000.0,512225198.47221
2719,0.5727272727272728,26,2017.01.30,110,90590.90909,13286.66667,68253.42466,121524.39024,337000.0,5000.0,14000.0,146,444,0.24497,0.56164,9965000.0,494610636.40409
2719,0.6545454545454545,24,2017.01.94,110,65545.45455,12324.78632,52627.73723,80111.11111,414000.0,5000.0,5000.0,137,278,0.30787,0.65693,7210000.0,380315566.09296
2719,0.5181818181818182,29,2017.01.93,110,90163.63636,11935.01805,60109.09091,112704.54545,456000.0,4000.0,7000.0,165,441,0.28205,0.53333,9918000.0,416889748.16233
2719,0.45454545454545453,31,2017.01.91,110,48472.72727,9624.54874,45186.44068,95214.28571,316000.0,4000.0,2000.0,118,268,0.2928,0.47458,5332000.0,235497117.78876
2719,0.5818181818181818,38,2017.01.109,110,70509.09091,8656.25,59661.53846,102052.63158,301000.0,3500.0,6000.0,130,442,0.1949,0.58462,7756000.0,171714106.14525
2719,0.7090909090909091,22,2017.01.108,110,89800.0,18158.08824,88990.99099,120463.41463,325000.0,7000.0,5000.0,111,279,0.24612,0.73874,9878000.0,816619529.30343
2719,0.4636363636363636,35,2017.01.107,110,61309.09091,16570.02457,51876.92308,116275.86207,260000.0,4000.0,8000.0,130,249,0.35422,0.44615,6744000.0,895329444.08807
2719,0.5272727272727272,29,2017.01.106,110,90172.72727,13331.98925,62383.6478,120963.41463,318000.0,5000.0,1000.0,159,253,0.38499,0.51572,9919000.0,502822340.04834
2719,0.7636363636363637,31,2017.01.105,110,90681.81818,15113.63636,81097.56098,112078.65169,426000.0,8000.0,9000.0,123,440,0.22162,0.72358,9975000.0,535885397.98593
2719,0.44036697247706424,29,2017.01.104,109,75853.21101,17973.91304,77271.02804,162117.64706,311000.0,6000.0,2000.0,107,253,0.29235,0.47664,8268000.0,1020308686.17978
2719,0.6090909090909091,31,2017.01.103,110,66481.81818,13746.2406,54170.37037,96223.68421,378000.0,6000.0,8000.0,135,332,0.28723,0.56296,7313000.0,525153940.64257
2719,0.6363636363636364,32,2017.01.101,110,69845.45455,12574.46809,60496.06299,98500.0,395000.0,6000.0,4000.0,127,294,0.28285,0.61417,7683000.0,437677642.13464
2719,0.6181818181818182,33,2017.01.160,110,88000.0,12145.5458,50416.66667,89629.62963,623000.0,4000.0,9000.0,192,395,0.2986,0.5625,9680000.0,404589342.57234
2719,0.5636363636363636,28,2017.01.29,110,68909.09091,13298.24561,53758.86525,99736.84211,562000.0,3000.0,1000.0,141,392,0.27647,0.53901,7580000.0,908543582.15398
2719,0.7363636363636363,25,2017.01.28,110,90436.36364,12388.54296,73688.88889,106967.74194,431000.0,4000.0,11000.0,135,647,0.18342,0.68889,9948000.0,406986003.23599
2719,0.6363636363636364,30,2017.01.27,110,90381.81818,13453.31529,77069.76744,125848.10127,317000.0,4000.0,8000.0,129,371,0.24112,0.6124,9942000.0,542527289.12946
2719,0.7075471698113207,18,2017.01.24,106,71830.18868,13743.68231,64525.42373,92853.65854,289000.0,6000.0,2000.0,118,242,0.28434,0.69492,7614000.0,471706334.3365
2719,0.7818181818181819,15,2017.01.89,110,53172.72727,13114.34978,54157.40741,66465.90909,320000.0,6000.0,6000.0,108,288,0.28496,0.81481,5849000.0,368137456.54255
2719,0.5412844036697247,29,2017.01.88,109,88036.69725,13109.28962,82724.13793,149937.5,560000.0,4000.0,14000.0,116,612,0.16984,0.55172,9596000.0,490792417.00492
2719,0.5727272727272728,21,2017.01.22,110,63936.36364,13048.23748,61156.52174,104970.14925,306000.0,4000.0,6000.0,115,283,0.29487,0.58261,7033000.0,505086888.15168
2719,0.6272727272727273,37,2017.01.86,110,90245.45455,18589.88764,82041.32231,128922.07792,304000.0,8000.0,8000.0,121,290,0.23587,0.63636,9927000.0,716426239.01174
2719,0.6,35,2017.01.85,110,60200.0,12661.56788,46633.80282,79783.13253,259000.0,5000.0,10000.0,142,270,0.34466,0.58451,6622000.0,461733903.28418
2719,0.8181818181818182,19,2017.01.83,110,89790.90909,13911.26761,87407.07965,108538.46154,972000.0,6000.0,17000.0,113,450,0.20215,0.80531,9877000.0,821900437.03689
2719,0.37383177570093457,26,2017.01.82,107,59467.28972,19760.86957,44496.5035,106050.0,180000.0,12000.0,11000.0,143,172,0.46129,0.41958,6363000.0,500076594.88013
2719,0.5727272727272728,31,2016.01.121,110,66881.81818,15553.91121,56592.30769,102180.55556,509000.0,6000.0,9000.0,130,272,0.34031,0.55385,7357000.0,634192532.33956
2719,0.45454545454545453,30,2017.01.81,110,70509.09091,13583.18739,63056.91057,131457.62712,327000.0,5000.0,6000.0,123,282,0.29009,0.47967,7756000.0,449910172.98061
2719,0.6481481481481481,20,2016.01.120,108,92527.77778,12429.10448,82586.77686,124912.5,497000.0,4000.0,1000.0,121,421,0.22202,0.66116,9993000.0,430633821.86205
2719,0.4636363636363636,30,2017.01.159,110,50127.27273,16558.55856,46728.81356,95068.96552,241000.0,5000.0,6000.0,118,183,0.37942,0.49153,5514000.0,867283458.15695
2719,0.6545454545454545,26,2017.01.157,110,89654.54545,16715.25424,70949.64029,118819.27711,482000.0,7000.0,6000.0,139,334,0.26577,0.59712,9862000.0,631039325.48704
2719,0.7363636363636363,26,2017.01.156,110,89545.45455,23014.01869,76356.58915,104787.23404,864000.0,6000.0,6000.0,129,228,0.35537,0.72868,9850000.0,2099967016.13079
2719,0.6,28,2017.01.155,110,90381.81818,10113.93693,80177.41935,129116.88312,360000.0,4000.0,6000.0,124,390,0.19225,0.62097,9942000.0,251754825.93084
2719,0.7636363636363637,22,2017.01.154,110,90136.36364,10931.64278,73444.44444,102216.49485,435000.0,3000.0,5000.0,135,531,0.1875,0.71852,9915000.0,682500840.89653
2719,0.37272727272727274,21,2017.01.153,110,69390.90909,22785.07463,73394.23077,177511.62791,328000.0,2000.0,8000.0,104,231,0.33227,0.41346,7633000.0,1759336902.31477
2719,0.6454545454545455,44,2017.01.152,110,90572.72727,22694.76082,96728.15534,140323.94366,673000.0,8000.0,7000.0,103,281,0.24939,0.68932,9963000.0,1540591547.83079
2719,0.509090909090909,24,2017.01.151,110,64572.72727,15890.38031,59191.66667,118383.33333,375000.0,3000.0,6000.0,120,200,0.30848,0.5,7103000.0,687940871.3797
2719,0.6545454545454545,28,2017.01.150,110,81154.54545,12129.07609,67120.30075,108865.85366,580000.0,3000.0,7000.0,133,484,0.22391,0.61654,8927000.0,916128894.92755
2719,0.6181818181818182,25,2017.01.19,110,89354.54545,14224.31259,77393.70079,126012.82051,932000.0,5000.0,9000.0,127,289,0.26514,0.61417,9829000.0,910156857.31664
2719,0.6727272727272727,17,2017.01.18,110,61645.45455,14741.30435,56041.32231,83716.04938,196000.0,8000.0,13000.0,121,298,0.2995,0.66942,6781000.0,414959074.54769
2719,0.3181818181818182,27,2017.01.15,110,63709.09091,14360.65574,29078.83817,81488.37209,198000.0,2000.0,1000.0,241,182,0.57245,0.35685,7008000.0,611668428.31655
2719,0.7307692307692307,34,2016.01.119,104,50240.38462,14275.95628,42137.09677,60755.81395,198000.0,7000.0,6000.0,124,148,0.46617,0.69355,5225000.0,370512680.58986
2719,0.7545454545454545,28,2017.01.13,110,72563.63636,11720.99853,70637.16814,90704.54545,330000.0,5000.0,11000.0,113,332,0.24094,0.77876,7982000.0,341039690.76617
2719,0.5818181818181818,21,2017.01.12,110,52290.90909,12984.19865,52290.90909,85850.74627,235000.0,4000.0,2000.0,110,320,0.27228,0.60909,5752000.0,463961288.21384
2719,0.6363636363636364,28,2017.01.11,110,87309.09091,19093.43936,81389.83051,123128.20513,419000.0,7000.0,3000.0,118,256,0.26637,0.66102,9604000.0,688443442.92809
2719,0.6818181818181818,20,2017.01.10,110,84481.81818,12979.05028,64986.01399,108058.13953,1888000.0,3000.0,1000.0,143,419,0.23404,0.6014,9293000.0,4646286273.78208
2719,0.7272727272727273,19,2017.01.75,110,55445.45455,13116.12903,51252.10084,67766.66667,223000.0,7000.0,2000.0,119,264,0.2761,0.7563,6099000.0,233314071.19021
2719,0.6181818181818182,23,2017.01.72,110,79409.09091,11615.69149,68779.52756,107839.50617,348000.0,4000.0,9000.0,127,434,0.21897,0.6378,8735000.0,313022549.72094
2719,0.5,24,2017.01.71,110,52163.63636,11384.92063,46650.4065,89656.25,303000.0,4000.0,8000.0,123,294,0.28146,0.52033,5738000.0,417485736.3754
2719,0.5533980582524272,24,2016.01.170,103,75592.23301,20930.10753,58984.84848,108138.88889,342000.0,10000.0,1000.0,132,232,0.36066,0.54545,7786000.0,1032884589.74582
2719,0.6818181818181818,27,2016.01.25,110,37945.45455,9961.81384,35675.21368,52835.44304,221000.0,5000.0,5000.0,117,230,0.33524,0.67521,4174000.0,229051169.90785
2719,0.6181818181818182,22,2016.01.6,110,54418.18182,13573.69615,44340.74074,71261.90476,302000.0,5000.0,5000.0,135,264,0.34615,0.62222,5986000.0,421899670.1711
2719,0.5,28,2017.01.68,110,54363.63636,12032.19316,45303.0303,92000.0,210000.0,4000.0,12000.0,132,294,0.30626,0.49242,5980000.0,404498961.511
2719,0.6181818181818182,20,2017.01.64,110,56800.0,12446.21514,57321.10092,90550.72464,453000.0,5000.0,7000.0,109,315,0.23747,0.63303,6248000.0,477892310.99554
2719,0.43636363636363634,50,2017.01.62,110,63327.27273,15077.92208,60573.91304,131433.96226,283000.0,3000.0,2000.0,115,195,0.31507,0.46087,6966000.0,870727103.6989
2719,0.6,26,2017.01.61,110,77281.81818,11503.38295,67468.25397,107607.59494,297000.0,4000.0,6000.0,126,454,0.22261,0.62698,8501000.0,394645991.25017
2719,0.6363636363636364,37,2017.01.60,110,53918.18182,9722.95082,46700.7874,75075.94937,268000.0,6000.0,6000.0,127,246,0.27669,0.62205,5931000.0,185829521.65603
2719,0.5636363636363636,26,2016.01.164,110,90854.54545,12055.48854,55522.22222,105200.0,315000.0,6000.0,10000.0,180,516,0.26125,0.52778,9994000.0,313137013.92167
2719,0.5454545454545454,17,2016.01.160,110,63909.09091,10086.08321,63909.09091,111587.30159,247000.0,2000.0,7000.0,110,587,0.16897,0.57273,7030000.0,394736831.90686
2719,0.12727272727272726,35,2017.01.138,110,41718.18182,17515.26718,37925.61983,229450.0,116000.0,7000.0,1000.0,121,141,0.4879,0.16529,4589000.0,517630034.21953
2719,0.36633663366336633,19,2017.01.137,101,71821.78218,13189.09091,54954.54545,154340.42553,234000.0,6000.0,9000.0,132,193,0.40367,0.35606,7254000.0,325428660.37423
2719,0.6090909090909091,18,2017.01.136,110,71536.36364,13732.98429,65033.05785,102194.80519,284000.0,7000.0,12000.0,121,280,0.29803,0.63636,7869000.0,317003752.79171
2719,0.41818181818181815,32,2017.01.134,110,89700.0,24544.77612,75320.61069,186169.81132,331000.0,4000.0,6000.0,131,229,0.34474,0.40458,9867000.0,1900602728.25399
2719,0.32727272727272727,25,2017.01.133,110,74909.09091,21798.9418,58028.16901,168163.26531,371000.0,7000.0,3000.0,142,207,0.40341,0.34507,8240000.0,1095423659.35469
2719,0.2909090909090909,27,2017.01.132,110,60781.81818,15264.84018,58649.12281,175947.36842,308000.0,5000.0,10000.0,114,292,0.30159,0.33333,6686000.0,673321003.52131
