FinalGrade,PSS_Stress,TotalQuestions,avg_durationperquestion,avg_tbd,decision_time_efficiency,good_decision_time_efficiency,maxduration,median_tbd,minduration,num_decisions_made,question_enter_count,ratio_decisions,ratio_good_decisions,totalduration,variance_tbd
0.780952381,21,105,58066.66667,14146.17169,51235.29412,70080.45977,330000,5000,7000,119,298,0.27869,0.73109,6097000,743929746.9
0.733333333,27,105,84676.19048,17746.50699,62174.82517,103383.7209,316000,10000,13000,143,327,0.28657,0.6014,8891000,655369612.8
0.647619048,25,105,54123.80952,20516.24549,46203.25203,75773.33333,403000,7000,2000,123,149,0.44565,0.60976,5683000,1428569482
0.723809524,30,105,73152.38095,15611.78862,60480.31496,90364.70588,490000,6000,9000,127,336,0.26132,0.66929,7681000,873741042
0.828571429,19,105,86352.38095,20560.0907,62531.03448,85537.73585,749000,6000,7000,145,281,0.33721,0.73103,9067000,1205215131
0.619047619,30,105,80466.66667,19926.88679,61224.63768,112653.3333,899000,8000,11000,138,279,0.32701,0.54348,8449000,1807959181
0.514285714,25,105,96733.33333,7991.3454,61186.74699,125395.0617,384000,2000,14000,166,1076,0.13091,0.48795,10157000,335986539.2
0.771428571,23,105,68790.47619,21561.19403,66266.05505,89172.83951,436000,6000,11000,109,226,0.32733,0.74312,7223000,1854121244
0.490740741,26,108,102907.4074,192.41024,687.5348,1136.86579,186000,NaN,68000,16165,34302,0.29843,0.60476,11114000,291919.3339
0.559633028,32,109,96706.42202,1246.42308,3827.5236,6065.01726,196000,1000,48000,2754,4603,0.3277,0.63108,10541000,5434301.596
0.415841584,39,101,100603.9604,154.32633,547.67423,1069.80417,148000,NaN,69000,18553,42626,0.28345,0.51194,10161000,146003.7993
0.37,18,100,103790,164.37553,599.21483,1187.66449,144000,NaN,73000,17321,31838,0.32327,0.50453,10379000,201500.5516
0.43877551,30,98,102377.551,209.5447,693.89308,1130.09687,138000,NaN,80000,14459,30123,0.30202,0.61401,10033000,171487.2507
0.743119266,20,109,67688.07339,14875,42895.34884,71631.06796,336000,9000,9000,172,257,0.35102,0.59884,7378000,456521717.2
0.678899083,24,109,78853.21101,23104.83871,69314.51613,107437.5,469000,8000,5000,124,234,0.33423,0.64516,8595000,1777824559
0.532110092,36,109,87137.61468,20966.88742,67842.85714,141761.194,277000,7000,10000,140,286,0.30905,0.47857,9498000,977098458.7
0.651376147,21,109,66844.0367,20581.9209,47620.91503,83747.12644,278000,13000,7000,153,185,0.4322,0.56863,7286000,486345961.2
0.623853211,25,109,83238.53211,21002.31481,65273.38129,116320.5128,340000,10500,9000,139,183,0.32629,0.56115,9073000,760178648.9
0.651376147,32,109,62293.57798,15717.59259,49562.0438,87051.28205,389000,7000,7000,137,198,0.31787,0.56934,6790000,552189202.5
0.825688073,15,109,75596.33028,16816.32653,53856.20915,81584.15842,386000,10000,12000,153,247,0.31677,0.66013,8240000,515589916.9
0.798165138,13,109,48440.36697,8873.94958,40305.34351,56774.19355,226000,3000,5000,131,397,0.22054,0.70992,5280000,228144017.2
0.697247706,23,109,65394.49541,16890.99526,57024,88000,448000,9000,18000,125,263,0.30193,0.648,7128000,453969087.4
0.596330275,15,109,47486.23853,11657.65766,37781.0219,71888.88889,224000,5000,8000,137,261,0.31066,0.52555,5176000,215363349.8
0.697247706,37,109,77073.3945,26253.125,62694.02985,100011.9048,308000,13500,10000,134,185,0.41875,0.62687,8401000,906941996.5
0.816513761,17,109,77926.6055,17659.04366,53759.49367,84099.0099,391000,10000,9000,158,268,0.33193,0.63924,8494000,479116839.9
0.779816514,11,109,64009.17431,16852.657,56266.12903,78393.25843,366000,4000,8000,124,230,0.29952,0.71774,6977000,637961288.3
0.788990826,24,109,82743.11927,32559.56679,75158.33333,96978.49462,312000,19000,13000,120,157,0.43321,0.775,9019000,1293696620
0.834862385,16,109,73302.75229,25284.81013,64435.48387,81530.61224,426000,15000,9000,124,139,0.39241,0.79032,7990000,1251334499
0.706422018,24,109,96146.78899,21878.91441,66751.59236,113913.0435,392000,17000,13000,157,269,0.32983,0.58599,10480000,420068989.6
0.660550459,26,109,78467.88991,18553.14534,57402.68456,104304.8781,326000,10000,13000,149,272,0.32747,0.55034,8553000,539965104.2
0.706422018,17,109,79256.88073,22497.39583,69669.35484,109354.4304,509000,9000,3000,124,181,0.32632,0.6371,8639000,993613570.2
0.724770642,9,109,71385.3211,15469.18489,60789.0625,90476.74419,308000,6000,8000,128,222,0.25447,0.67188,7781000,557643968.9
0.490740741,21,108,78250,7755.9633,60364.28571,136306.4516,356000,2000,23000,140,835,0.13903,0.44286,8451000,273762246.3
0.824074074,22,108,97629.62963,25104.7619,72219.17808,103372.549,591000,14000,10000,146,244,0.34845,0.69863,10544000,1578910240
0.574074074,28,108,86574.07407,19042.76986,73622.04724,133571.4286,320000,4000,5000,127,321,0.25971,0.55118,9350000,938767554.8
0.481481481,27,108,90379.62963,24281.09453,76858.26772,162683.3333,284000,8000,10000,127,267,0.31592,0.47244,9761000,1436092859
0.611111111,19,108,74231.48148,18609.1954,60734.84848,109821.9178,458000,5000,10000,132,197,0.38596,0.55303,8017000,898464431.4
0.583333333,22,108,75555.55556,19200,60895.52239,114929.5775,358000,6000,8000,134,226,0.37222,0.52985,8160000,909834905.7
0.694444444,25,108,72555.55556,16057.37705,48975,87066.66667,365000,5000,3000,160,231,0.36952,0.5625,7836000,816776988.6
0.740740741,17,108,99842.59259,18276.27119,59247.25275,98926.6055,537000,6000,8000,182,190,0.42424,0.5989,10783000,1167612849
0.638888889,20,108,85268.51852,18491.96787,71387.5969,121171.0526,352000,6000,8000,129,367,0.26008,0.58915,9209000,804479814.6
0.712962963,34,108,95574.07407,17089.40397,53206.18557,92990.99099,403000,6000,7000,194,342,0.32441,0.57216,10322000,739600617.2
0.768518519,19,108,99388.88889,23385.62092,75591.5493,117956.044,395000,11000,9000,142,303,0.31347,0.64085,10734000,1290547478
0.851851852,25,108,78509.25926,30945.25547,72470.08547,90202.12766,434000,14500,4000,117,126,0.42701,0.80342,8479000,1960000655
0.75,22,108,81537.03704,15275.08651,75264.95726,103600,421000,7000,7000,117,157,0.2925,0.7265,8806000,611042047.2
0.712962963,26,108,98416.66667,26840.90909,66431.25,109577.3196,545000,10000,9000,160,232,0.40404,0.60625,10629000,2205825259
0.787037037,30,108,86166.66667,19307.05394,68933.33333,95938.14433,372000,9000,7000,135,299,0.2897,0.71852,9306000,716134212.1
0.583333333,26,108,70009.25926,10989.82558,54395.68345,95708.86076,387000,3000,8000,139,314,0.27043,0.56835,7561000,430091599.4
0.731481481,22,108,81490.74074,22224.74747,66674.24242,102337.2093,329000,13000,10000,132,264,0.33333,0.65152,8801000,737891132.8
0.833333333,25,108,98935.18519,25997.56691,92112.06897,117417.5824,651000,10000,12000,116,275,0.28224,0.78448,10685000,1462090238
0.546296296,29,108,89564.81481,32243.33333,78008.06452,156016.129,457000,8000,13000,124,174,0.41333,0.5,9673000,3595756644
0.712962963,34,108,99537.03704,26741.29353,83984.375,127976.1905,370000,13000,2000,128,158,0.4129,0.65625,10750000,1270097493
0.740740741,28,108,99259.25926,28894.87871,72925.17007,110515.4639,441000,9000,7000,147,186,0.40054,0.65986,10720000,2305088920
0.685185185,19,108,89018.51852,15382.4,60087.5,104500,677000,6000,9000,160,277,0.31496,0.575,9614000,1063242959
0.685185185,24,108,90388.88889,17846.4351,77476.19048,122025,312000,4000,14000,126,310,0.23774,0.63492,9762000,849529488.2
0.712962963,30,108,80935.18519,13963.25879,68289.0625,104059.5238,701000,3000,9000,128,497,0.2048,0.65625,8741000,972137847.9
0.75,21,108,87240.74074,22924.57421,77867.7686,108298.8506,500000,10000,13000,121,228,0.3467,0.71901,9422000,1326426004
0.564814815,37,108,98379.62963,41830.70866,90042.37288,166015.625,376000,17000,8000,118,136,0.46457,0.54237,10625000,2929643164
0.51,34,100,99690,13618.85246,31153.125,68280.82192,269000,2000,14000,320,329,0.44944,0.45625,9969000,776515266.5
0.633663366,29,101,67792.07921,17032.33831,54341.26984,93794.52055,299000,8000,8000,126,276,0.315,0.57937,6847000,518395460.4
0.52,28,100,90900,20706.15034,61006.71141,124520.548,409000,9000,13000,149,271,0.35476,0.48993,9090000,882911172.1
0.72,28,100,97980,36154.98155,89889.90826,134219.1781,471000,19000,8000,109,113,0.436,0.66972,9798000,2816731447
0.633663366,22,101,77128.71287,14838.09524,59923.07692,103866.6667,357000,6000,8000,130,297,0.25,0.57692,7790000,487540530.7
0.74,21,100,99810,10944.07895,51715.02591,85307.69231,324000,4000,10000,193,325,0.30538,0.60622,9981000,298410700.4
0.336633663,42,101,68267.32673,19206.12813,51842.10526,172375,1106000,3000,12000,133,226,0.37151,0.30075,6895000,4833868007
0.21,39,100,68920,12861.9403,46567.56757,202705.8824,411000,2000,12000,148,382,0.27925,0.22973,6892000,663595857.2
0.663366337,27,101,84277.22772,22166.66667,59524.47552,98976.74419,568000,8000,5000,143,221,0.37533,0.6014,8512000,1385366406
0.53,38,100,99800,36556.77656,94150.9434,181454.5455,431000,9000,14000,106,166,0.39259,0.51887,9980000,2718835919
0.42,32,100,97990,22841.49184,86716.81416,208489.3617,545000,4000,5000,113,209,0.32659,0.41593,9799000,1765932760
0.752475248,34,101,74405.94059,17935.56086,59173.22835,86379.31034,320000,7000,6000,127,292,0.30456,0.68504,7515000,706510191.7
0.84,27,100,96610,17957.24907,79188.52459,105010.8696,542000,4000,13000,122,414,0.22761,0.7541,9661000,834662973.4
0.722772277,17,101,83415.84158,14964.47602,65820.3125,100297.6191,501000,5000,9000,128,396,0.22857,0.65625,8425000,615461369.3
0.75,10,100,97380,11732.53012,83948.27586,121725,366000,2000,17000,116,261,0.28642,0.68966,9738000,472106901.9
0.74,23,100,86590,23594.00545,76628.31858,109607.5949,661000,6000,6000,113,152,0.39373,0.69912,8659000,1405575155
0.742574257,20,101,70683.16832,16837.26415,53676.69173,82057.47126,242000,9000,9000,133,244,0.31591,0.65414,7139000,479857615.2
0.524752475,25,101,80099.0099,22043.59673,68559.32203,137118.6441,290000,10000,8000,118,249,0.32507,0.5,8090000,859156564.1
0.46,18,100,91320,37426.22951,83018.18182,186367.3469,467000,17000,15000,110,131,0.45643,0.44545,9132000,2284443095
0.55,35,100,93160,18447.52475,76360.65574,145562.5,273000,5000,16000,122,266,0.26696,0.52459,9316000,771644562.3
0.481818182,19,110,99463.63636,16780.67485,66713.41463,160897.0588,653000,7000,13000,164,323,0.29656,0.41463,10941000,636128473.9
0.454545455,26,110,98363.63636,25433.87471,69806.45161,150277.7778,588000,11000,14000,155,175,0.4697,0.46452,10820000,1234813641
0.636363636,23,110,99490.90909,27890.58524,79304.34783,136800,414000,13000,8000,138,160,0.42073,0.57971,10944000,1390521161
0.345454545,18,110,99554.54545,29677.50678,79934.30657,233000,801000,19000,8000,137,214,0.3881,0.34307,10951000,1170012563
0.545454545,35,110,99872.72727,21884.46215,77914.89362,148459.4595,385000,9000,8000,141,171,0.36815,0.52482,10986000,894170257.1
0.581818182,30,110,100000,18121.91104,63218.3908,129411.7647,367000,7000,16000,174,230,0.41928,0.48851,11000000,831169931.7
0.590909091,23,110,98918.18182,29554.05405,81812.03008,147040.5405,517000,6500,22000,133,136,0.42765,0.55639,10881000,1636394089
0.518181818,16,110,99127.27273,11382.04593,33863.35404,67726.70807,250000,3000,27000,322,267,0.46532,0.5,10904000,433130795.4
0.510204082,30,98,84142.85714,33520.3252,74963.63636,161686.2745,475000,12500,13000,110,130,0.44715,0.46364,8246000,2099222034
0.744897959,27,98,97510.20408,16648.08362,69751.82482,112423.5294,435000,7000,17000,137,338,0.23868,0.62044,9556000,565471052.2
0.867346939,28,98,99755.10204,26710.38251,72414.81481,96792.07921,534000,16500,6000,135,202,0.36885,0.74815,9776000,1158020001
0.702970297,10,101,74920.79208,16928.41163,60536,98272.72727,287000,9000,10000,125,271,0.28153,0.616,7567000,456384998.1
0.75,13,100,98230,17113.24042,78584,112908.046,323000,11000,13000,125,212,0.32383,0.696,9823000,401744571.3
0.755102041,25,98,56520.40816,23079.16667,48165.21739,69237.5,215000,9000,3000,115,122,0.47917,0.69565,5539000,1023830526
0.775510204,30,98,85408.16327,20977.44361,74732.14286,102073.1707,349000,10000,11000,112,254,0.2807,0.73214,8370000,887941701
0.584158416,33,101,75742.57426,16276.59574,58846.15385,109285.7143,378000,6500,6000,130,256,0.28078,0.53846,7650000,538511817.8
0.52,15,100,83320,14720.84806,57068.49315,120753.6232,413000,5000,19000,146,256,0.2874,0.4726,8332000,565065299.1
0.418181818,33,110,100145.4546,18895.36878,81600,189931.0345,437000,3000,3000,135,289,0.30963,0.42963,11016000,972258792.9
0.6,17,110,99518.18182,24326.66667,85523.4375,149958.9041,640000,12500,13000,128,223,0.31527,0.57031,10947000,927432026.7
0.472727273,32,110,98863.63636,20635.67362,71546.05263,167307.6923,330000,7000,13000,152,342,0.29344,0.42763,10875000,958817584.3
0.4,26,110,99490.90909,19700.17953,68830.18868,171000,321000,11000,17000,159,263,0.36552,0.40252,10944000,467821816.5
0.581818182,18,110,99009.09091,27433.24937,66408.53659,128129.4118,624000,16000,4000,164,155,0.47536,0.51829,10891000,1307892629
0.472727273,24,110,99736.36364,21305.60928,89926.22951,199472.7273,424000,9000,12000,122,145,0.45693,0.45082,10971000,1015794019
0.463636364,19,110,99318.18182,40917.603,95833.33333,206132.0755,434000,22000,10000,114,141,0.42697,0.46491,10925000,2489421757
0.654545455,28,110,100090.9091,20388.88889,83409.09091,137625,395000,5500,13000,132,221,0.30345,0.60606,11010000,1057585034
0.653465347,34,101,64247.52475,16898.4375,56426.08696,91394.3662,868000,3000,9000,115,229,0.30026,0.61739,6489000,1289151538
0.425742574,32,101,87811.88119,19238.61171,76456.89655,184770.8333,480000,5000,18000,116,324,0.25328,0.41379,8869000,1045469028
0.38,30,100,96100,22558.68545,74496.12403,204468.0851,404000,5000,11000,129,233,0.34309,0.36434,9610000,1444068313
0.336633663,25,101,89069.30693,16035.65062,75596.63866,219414.6342,472000,2000,10000,119,359,0.21441,0.34454,8996000,989970155.3
0.34,14,100,98790,15908.21256,78404.7619,246975,280000,3000,20000,126,429,0.20826,0.31746,9879000,805315755
0.663366337,27,101,70514.85149,28374.50199,61396.55172,98916.66667,687000,8000,4000,116,123,0.464,0.62069,7122000,2143787187
0.396039604,36,101,97960.39604,7669.76744,76107.69231,183222.2222,519000,2000,17000,130,979,0.10188,0.41538,9894000,359327634.5
0.31,28,100,98540,10557.21925,75800,229162.7907,322000,1000,17000,130,471,0.16905,0.33077,9854000,558606733.2
0.752475248,29,101,70633.66337,14987.39496,47879.19463,78395.6044,216000,9000,8000,149,279,0.31435,0.61074,7134000,309515630.3
0.83,31,100,99520,14613.80323,63794.87179,98534.65347,391000,8000,14000,156,319,0.30648,0.64744,9952000,369537397.4
0.504950495,31,101,89990.09901,32230.49645,77025.42373,165254.5455,378000,11500,8000,118,131,0.42294,0.4661,9089000,2105622839
0.45,25,100,93440,37829.95951,81252.17391,190693.8776,323000,18000,4000,115,111,0.46559,0.42609,9344000,2390572595
0.495049505,17,101,71415.84158,22682.38994,61649.57265,131145.4546,250000,9000,1000,117,201,0.36909,0.47009,7213000,788248963.4
0.48,17,100,90300,23952.25464,72240,161250,270000,10000,8000,125,198,0.387,0.448,9030000,1061316863
0.435643564,31,101,63227.72277,14480.72562,52776.8595,130326.5306,280000,3000,2000,121,320,0.27563,0.40496,6386000,642204741.3
0.42,15,100,89190,20456.42202,67568.18182,182020.4082,634000,4500,8000,132,179,0.40994,0.37121,8919000,1790317637
0.544554455,26,101,80128.71287,24230.53892,58644.92754,115614.2857,365000,14000,6000,138,163,0.41692,0.50725,8093000,1154003749
0.554545455,28,110,99718.18182,18153.46535,59939.89071,117946.2366,440000,8000,16000,183,300,0.35192,0.5082,10969000,707584673.9
0.867346939,19,98,80081.63265,21210.81081,66508.47458,83489.3617,690000,7000,8000,118,248,0.32065,0.79661,7848000,951229151.1
0.642857143,30,98,79806.12245,21907.56303,64106.55738,108625,292000,7000,10000,122,234,0.34174,0.59016,7821000,1307758285
0.732673267,29,101,75009.90099,24517.79935,63133.33333,93530.8642,335000,11000,7000,120,156,0.39474,0.675,7576000,1025588156
0.72,28,100,99980,24686.41975,86939.13043,133306.6667,507000,8000,15000,115,144,0.4007,0.65217,9998000,2016106870
0.524752475,25,101,77069.30693,21865.16854,56817.51825,119753.8462,468000,11000,7000,137,219,0.3881,0.47445,7784000,1110933882
0.663366337,25,101,66108.91089,19353.62319,57560.34483,87855.26316,338000,4000,4000,116,178,0.33819,0.65517,6677000,1010525750
0.623762376,31,101,76118.81188,20611.26005,50913.90728,99844.15584,378000,10000,8000,151,168,0.40811,0.50993,7688000,679792023.4
0.455445545,21,101,80227.72277,13595.63758,45779.66102,117434.7826,311000,4000,9000,177,369,0.29899,0.38983,8103000,558920249.8
0.63,25,100,87410,19642.69663,64272.05882,112064.1026,263000,8000,15000,136,249,0.307,0.57353,8741000,793158082.8
0.514851485,10,101,78376.23762,24737.5,67084.74576,136482.7586,372000,9500,4000,118,140,0.37107,0.49153,7916000,1240181661
0.58,4,100,93380,15012.86174,72387.5969,127917.8082,521000,3000,10000,129,245,0.27802,0.56589,9338000,570199512.2
0.712871287,25,101,73831.68317,18012.07729,57806.20155,93212.5,315000,10000,8000,129,279,0.31387,0.62016,7457000,529919950.6
0.51,28,100,96750,25938.3378,73295.45455,166810.3448,368000,14000,8000,132,198,0.39759,0.43939,9675000,1090036510
0.56,26,100,67550,19636.62791,63130.84112,116465.5172,206000,7000,7000,107,205,0.31105,0.54206,6755000,810412765.3
0.792079208,39,101,66168.31683,17224.2268,55691.66667,79559.52381,316000,9000,8000,120,252,0.31169,0.7,6683000,652815225.5
0.85,36,100,74130,18258.62069,60268.29268,79709.67742,342000,8000,10000,123,227,0.33791,0.7561,7413000,1049683567
0.574257426,27,101,81613.86139,20454.09429,77037.38318,132951.6129,245000,2000,7000,107,236,0.26683,0.57944,8243000,1356626619
0.66,22,100,97970,27289.69359,85191.30435,136069.4444,574000,10000,4000,115,127,0.42435,0.62609,9797000,1767630927
0.59,29,100,99370,20573.49896,84211.86441,146132.3529,427000,7000,10000,118,169,0.35435,0.57627,9937000,982319794.2
0.653465347,34,101,70217.82178,16926.01432,51021.58273,86487.80488,514000,8000,6000,139,236,0.33333,0.58993,7092000,624154800.1
0.623762376,30,101,73821.78218,16868.77828,62655.46218,108057.971,262000,4000,9000,119,319,0.27169,0.57983,7456000,705651676.1
0.41,18,100,73390,21973.05389,57335.9375,149775.5102,241000,9000,6000,128,188,0.4,0.38281,7339000,1221419692
0.564356436,22,101,38940.59406,13423.20819,33905.17241,62428.57143,141000,7000,3000,116,169,0.39863,0.5431,3933000,252498363.6
0.7,17,100,50100,12431.76179,37111.11111,62625,274000,4000,7000,135,188,0.39589,0.59259,5010000,370176302.1
0.46,30,100,77120,25285.2459,69477.47748,148307.6923,369000,5000,8000,111,136,0.40072,0.46847,7712000,1894237446
0.603960396,16,101,81643.56436,23033.51955,59753.62319,112958.9041,261000,14000,9000,138,218,0.38764,0.52899,8246000,682900834.1
0.702970297,30,101,64683.16832,17013.02083,57814.15929,85960.52632,299000,7000,6000,113,248,0.29815,0.67257,6533000,487746566.3
0.504950495,26,101,93435.64356,21447.72727,82780.70175,168517.8571,376000,6000,8000,114,267,0.25968,0.49123,9437000,1192616851
0.485148515,23,101,72237.62376,21458.82353,61310.92437,132654.5455,470000,8000,8000,119,183,0.35103,0.46218,7296000,1208473226
0.52,26,100,99700,22710.70615,76106.87023,158253.9683,335000,6000,3000,131,124,0.47292,0.48092,9970000,1814639862
0.64,21,100,81440,24530.12048,67866.66667,114704.2254,391000,13000,17000,120,186,0.37736,0.59167,8144000,1032358607
0.485148515,26,101,65188.11881,14598.66962,51437.5,115508.7719,436000,5000,7000,128,306,0.28571,0.44531,6584000,519605242.7
0.455445545,24,101,79594.05941,18438.07339,69301.72414,167479.1667,389000,5000,11000,116,260,0.26728,0.41379,8039000,742163972.4
0.465346535,21,101,73465.34653,14664.03162,49139.07285,127931.0345,530000,3000,11000,151,292,0.29901,0.38411,7420000,629510664.1
0.48,20,100,88720,19802.66075,68246.15385,155649.1228,664000,5000,8000,130,174,0.35813,0.43846,8872000,1354985415
0.544554455,28,101,98376.23762,20962.02532,66240,139943.662,458000,4000,7000,150,259,0.31847,0.47333,9936000,1150294538
0.673267327,21,101,92485.14851,24711.64021,76565.57377,121311.6883,575000,14000,1000,122,241,0.3262,0.63115,9341000,1029600978
0.66,17,100,99500,22768.87872,75378.78788,125949.3671,412000,9000,11000,132,203,0.36975,0.59848,9950000,973467102.6
0.643564356,30,101,80178.21782,18573.3945,39120.77295,101225,313000,2000,9000,207,202,0.47586,0.38647,8098000,1019964716
0.702970297,24,101,55960.39604,15358.69565,46327.86885,74368.42105,252000,7000,5000,122,182,0.33333,0.62295,5652000,414672076.8
0.73,21,100,80710,10678.10026,60231.34328,97240.96386,411000,2000,7000,134,428,0.21613,0.6194,8071000,430696772.1
0.475247525,33,101,85663.36634,12033.37969,65545.45455,151789.4737,341000,3000,7000,132,576,0.18436,0.43182,8652000,493656265.9
0.45,26,100,99290,16452.14521,89450.45045,202632.6531,412000,4000,3000,111,320,0.2517,0.44144,9929000,829620020.2
0.742574257,22,101,70306.93069,17447.17445,63972.97297,87666.66667,242000,9000,10000,111,228,0.27407,0.72973,7101000,559370971.1
0.71,26,100,89620,18252.54582,78614.03509,116389.6104,454000,8000,13000,114,221,0.30319,0.67544,8962000,766585070
0.623762376,29,101,91217.82178,19153.84615,58310.12658,122840,484000,7000,5000,158,243,0.33124,0.47468,9213000,731997115.4
0.45,30,100,99900,13722.52747,63630.57325,172241.3793,370000,4000,10000,157,314,0.27544,0.36943,9990000,528618914.1
0.45,21,100,99680,25299.49239,84474.57627,195450.9804,401000,11000,9000,118,228,0.31806,0.4322,9968000,1244592010
0.554455446,33,101,68386.13861,16523.92344,58533.89831,113229.5082,419000,4000,7000,118,249,0.28365,0.51695,6907000,865784798
0.633663366,19,101,64950.49505,14577.77778,47883.21168,85194.80519,289000,6000,8000,137,253,0.30649,0.56204,6560000,493954961.6
0.673267327,32,101,97801.9802,19217.89883,79024,123475,611000,10000,15000,125,375,0.24462,0.64,9878000,713535273.5
0.306930693,29,101,69722.77228,22284.81013,60188.03419,207117.6471,486000,8500,13000,117,198,0.37621,0.2906,7042000,1175963070
0.53,34,100,91690,28386.9969,75776.8595,155406.7797,433000,12000,17000,121,128,0.48594,0.4876,9169000,1592939830
0.7,26,100,87980,18719.14894,69825.39683,112794.8718,375000,5000,2000,126,175,0.32984,0.61905,8798000,1139038225
0.584158416,27,101,75455.44554,18957.71144,68044.64286,127016.6667,163000,7000,22000,112,257,0.28,0.53571,7621000,686574267.1
0.475247525,33,101,87544.55446,18812.76596,66481.20301,152448.2759,566000,5000,9000,133,288,0.28419,0.43609,8842000,831602395.3
0.52,23,100,96890,21920.81448,70722.62774,144611.9403,359000,8000,11000,137,224,0.33172,0.48905,9689000,942163783.5
0.356435644,38,101,65584.15842,27147.54098,62490.56604,174315.7895,221000,9500,2000,106,138,0.44167,0.35849,6624000,1133722998
0.56,17,100,88520,22639.38619,72557.37705,147533.3333,312000,7000,6000,122,218,0.32973,0.4918,8852000,1045026034
0.524752475,39,101,69237.62376,13986,60808.69565,122684.2105,315000,5000,5000,115,291,0.23046,0.49565,6993000,441031867.7
0.445544554,32,101,66574.25743,10969.00489,43380.64516,120071.4286,301000,2000,13000,155,444,0.25368,0.36129,6724000,623415704.4
0.35,18,100,73950,16506.69643,58690.47619,180365.8537,323000,2500,16000,126,244,0.3198,0.3254,7395000,1135999955
0.663366337,27,101,88267.32673,19049.1453,55030.8642,104882.3529,467000,5000,2000,162,268,0.34764,0.52469,8915000,1089430128
0.5,28,100,98460,19810.86519,78142.85714,175821.4286,1102000,4000,3000,126,250,0.28966,0.44444,9846000,1375439962
0.475247525,31,101,84099.0099,13482.53968,61550.72464,149017.5439,374000,3500,15000,138,279,0.22045,0.41304,8494000,513261220.9
0.61,29,100,100100,14198.58156,77596.89922,137123.2877,430000,3000,8000,129,314,0.21044,0.56589,10010000,522119600.3
0.663366337,22,101,86000,13787.30159,68393.70079,118986.3014,325000,5000,21000,127,413,0.20353,0.5748,8686000,408819552.3
0.57,23,100,99630,17059.93151,86634.78261,166050,552000,7000,12000,115,242,0.28186,0.52174,9963000,763377191.1
0.54,26,100,87260,29086.66667,78612.61261,147898.3051,341000,10000,11000,111,164,0.39785,0.53153,8726000,1732266711
0.584158416,19,101,80584.15842,24515.06024,68394.95798,127171.875,380000,8000,10000,119,198,0.35952,0.53782,8139000,1415579833
0.7,25,100,71450,18655.35248,52153.28467,95266.66667,293000,6000,12000,137,184,0.3577,0.54745,7145000,765064153.2
0.72,22,100,96850,20350.84034,78104.83871,122594.9367,461000,5000,7000,124,182,0.32124,0.6371,9685000,1147272441
0.71,23,100,99860,20092.55533,79253.96825,129688.3117,242000,10000,20000,126,297,0.27938,0.61111,9986000,682241416.2
0.366336634,30,101,84445.54455,23824.02235,77536.36364,213225,346000,9000,7000,110,244,0.30812,0.36364,8529000,1173064183
0.534653465,30,101,86792.07921,7292.84526,53779.1411,116880,334000,2000,13000,163,978,0.13617,0.46012,8766000,202198932.9
0.48,26,100,66850,23705.67376,58640.35088,126132.0755,322000,5000,9000,114,139,0.40426,0.46491,6685000,1254493135
0.47,29,100,83840,28614.33447,74194.69027,161230.7692,381000,4000,11000,113,156,0.41544,0.46018,8384000,2594340479
0.445544554,30,101,67633.66337,12626.61738,52953.48837,139408.1633,233000,3000,12000,129,412,0.23978,0.37984,6831000,402893660.6
0.45,21,100,99910,16622.92359,81227.64228,185018.5185,424000,3000,19000,123,406,0.2261,0.43902,9991000,1159320139
0.39,36,100,99800,22030.90508,81138.21138,226818.1818,428000,3000,5000,123,226,0.32031,0.35772,9980000,1900149485
0.514851485,27,101,99079.20792,29174.92711,85529.91453,172534.4828,593000,15000,7000,117,226,0.34412,0.49573,10007000,2095320188
0.524752475,23,101,81861.38614,13734.21927,55120,121588.2353,490000,3000,6000,150,450,0.25,0.45333,8268000,696787812.1
0.48,16,100,99730,18816.98113,70232.39437,166216.6667,403000,5000,8000,142,350,0.27099,0.42254,9973000,1044429579
0.564356436,19,101,97653.46535,35865.45455,81512.39669,159080.6452,261000,21000,24000,121,154,0.44161,0.5124,9863000,1865948985
0.58,22,100,98210,27843.13725,76726.5625,144426.4706,289000,13000,7000,128,151,0.45878,0.53125,9821000,1286649482
0.47,29,100,99160,18616.10487,62364.77987,137722.2222,296000,3000,7000,159,294,0.33194,0.45283,9916000,1043745406
0.633663366,26,101,62435.64356,13889.86784,48137.40458,86383.56164,212000,2500,2000,131,225,0.28982,0.55725,6306000,470252744.8
0.673267327,27,101,98475.24752,16067.85137,87245.61404,136246.5753,655000,5000,19000,114,486,0.18447,0.64035,9946000,926823867.7
0.87,20,100,99320,14692.30769,74119.40299,97372.54902,413000,6000,15000,134,425,0.22296,0.76119,9932000,487688888.9
0.594059406,25,101,76564.35644,14729.52381,51899.32886,107402.7778,424000,5000,8000,149,312,0.28544,0.48322,7733000,703178611.4
0.75,17,100,99590,13476.31935,60725.60976,101622.449,336000,5000,14000,164,348,0.28179,0.59756,9959000,452943544.2
0.732673267,29,101,68980.19802,19299.16898,61654.86726,87087.5,361000,10000,10000,113,226,0.31564,0.70796,6967000,801326916
0.72,22,100,86160,19852.53456,70048.78049,109063.2911,411000,10000,10000,123,210,0.35043,0.64228,8616000,774726471.6
0.5,22,98,59397.95918,13632.3185,54915.09434,114137.2549,207000,8000,12000,106,321,0.24824,0.48113,5821000,300355103.3
0.602040816,23,98,82693.87755,14419.92883,51617.83439,98829.26829,337000,3000,10000,157,404,0.27936,0.52229,8104000,822703915.9
0.675925926,24,108,59666.66667,19950.4644,48451.12782,80550,336000,11000,5000,133,154,0.43894,0.6015,6444000,990568967.2
0.759259259,28,108,90796.2963,32686.66667,87553.57143,116738.0952,409000,15000,7000,112,150,0.41481,0.75,9806000,2155266042
0.564814815,13,108,99675.92593,17169.05901,92801.72414,170873.0159,522000,2000,17000,116,435,0.1856,0.5431,10765000,1299498530
0.768518519,15,108,99333.33333,19088.96797,82523.07692,115354.8387,492000,6000,15000,130,347,0.23941,0.71538,10728000,1128694388
0.520408163,16,98,75765.30612,20067.56757,56679.38931,119758.0645,308000,4500,11000,131,237,0.35405,0.47328,7425000,1228691899
0.685185185,32,108,99620.37037,29316.07629,88917.35537,137935.8974,415000,17000,5000,121,158,0.3297,0.64463,10759000,1314462664
0.685185185,8,108,99620.37037,31644.11765,86766.12903,131207.3171,574000,7000,9000,124,158,0.36578,0.66129,10759000,3336766779
0.611111111,22,108,89638.88889,16243.28859,64540,119518.5185,426000,7000,9000,150,181,0.40541,0.54,9681000,705949114.5
0.638888889,26,108,79462.96296,9159.01814,63102.94118,108632.9114,298000,2000,8000,136,732,0.14608,0.58088,8582000,343422335.8
0.663265306,32,98,88377.55102,28966.55518,81707.54717,125521.7391,352000,15000,2000,106,167,0.35452,0.65094,8661000,1336334448
0.768518519,28,108,84416.66667,20533.78378,67533.33333,98032.25806,493000,12000,7000,135,264,0.30682,0.68889,9117000,655463867.4
0.591836735,24,98,93979.59184,24300.79156,59419.35484,122800,414000,13000,8000,155,210,0.40897,0.48387,9210000,982644734.8
0.740740741,13,108,77268.51852,24836.30952,68966.94215,97034.88372,409000,12000,10000,121,164,0.40199,0.71074,8345000,1488770140
0.75,18,108,82212.96296,16565.29851,69367.1875,100897.7273,382000,3000,3000,128,163,0.36994,0.6875,8879000,699898531.9
0.592592593,37,108,81620.37037,22092.73183,68867.1875,125928.5714,365000,4000,2000,128,246,0.33862,0.54688,8815000,1212370776
0.75,16,108,87240.74074,10601.79978,65430.55556,101311.828,404000,3000,11000,144,569,0.16308,0.64583,9422000,397875041.8
0.601851852,28,108,91888.88889,25060.60606,86295.65217,145941.1765,411000,8000,7000,115,243,0.29114,0.5913,9924000,1671571001
0.826530612,21,98,75897.95918,24467.10526,67618.18182,86488.37209,322000,12000,7000,110,138,0.36184,0.78182,7438000,1205497264
0.56122449,29,98,58428.57143,17195.1952,47716.66667,90888.88889,244000,6000,8000,120,189,0.36036,0.525,5726000,593723832.3
0.796296296,20,108,97703.7037,18351.30435,64341.46341,93380.53097,675000,9000,8000,164,328,0.2913,0.68902,10552000,780750934.7
0.43877551,16,98,99826.53061,14689.18919,81525,195660,297000,4000,16000,120,513,0.18018,0.41667,9783000,609405507
0.472222222,15,108,97203.7037,25296.38554,88966.10169,187464.2857,480000,4000,17000,118,240,0.29648,0.47458,10498000,2437827402
0.657407407,12,108,78879.62963,15721.40221,65530.76923,102638.5542,498000,3000,8000,130,354,0.24074,0.63846,8519000,1003040539
0.509259259,16,108,96972.22222,14550,60537.57225,132569.6203,408000,6000,8000,173,340,0.27244,0.45665,10473000,509185257.3
0.712962963,31,108,91472.22222,10111.56602,61360.24845,99787.87879,312000,3000,16000,161,751,0.16598,0.61491,9879000,372474220.6
0.694444444,7,108,69916.66667,16450.98039,61390.2439,92085.36585,398000,4000,9000,123,259,0.31701,0.66667,7551000,627636784
0.5,24,98,99622.44898,19031.18908,91242.99065,184207.5472,388000,3000,11000,107,370,0.20858,0.49533,9763000,1278928713
0.805555556,23,108,99185.18519,31692.30769,91555.55556,119022.2222,386000,21000,7000,117,198,0.3503,0.76923,10712000,1601080119
0.759259259,23,108,99490.74074,27065.49118,92629.31034,127916.6667,576000,10000,13000,116,280,0.29293,0.72414,10745000,1451394690
0.712962963,13,108,65250,20485.46512,40500,71908.16327,324000,9000,7000,174,152,0.50877,0.56322,7047000,1189819030
0.816326531,17,98,87255.10204,26149.84709,66804.6875,96078.65169,594000,12000,4000,128,139,0.39144,0.69531,8551000,1729452937
0.657407407,22,108,73564.81481,8241.70124,49043.20988,88277.77778,422000,2000,9000,162,800,0.1684,0.55556,7945000,445807563.5
0.731481481,30,108,99611.11111,24505.69476,82753.84615,122250,405000,10000,11000,130,231,0.30374,0.67692,10758000,1454013095
0.540816327,13,98,89295.91837,26279.27928,74161.01695,143459.0164,403000,8000,5000,118,154,0.35435,0.51695,8751000,1485033214
0.724489796,31,98,82551.02041,27800.68729,68559.32203,106447.3684,385000,13000,8000,118,151,0.4055,0.64407,8090000,1495539448
0.806122449,24,98,78397.95918,21888.88889,64563.02521,91464.28571,311000,12000,8000,119,229,0.33903,0.70588,7683000,760236190.5
0.785714286,21,98,99306.12245,31597.4026,82474.57627,113162.7907,325000,25000,10000,118,159,0.38312,0.72881,9732000,882925335.3
0.714285714,20,98,99948.97959,26401.61725,87455.35714,127207.7922,427000,7000,6000,112,243,0.30189,0.6875,9795000,2005511241
0.574074074,11,108,99861.11111,26050.72464,70032.46753,134812.5,485000,11000,8000,154,232,0.37198,0.51948,10785000,1690159648
0.555555556,24,108,79462.96296,12365.99424,56460.52632,111454.5455,308000,4500,21000,152,492,0.21902,0.50658,8582000,466849981.9
0.694444444,22,108,98694.44444,34719.86971,78955.55556,122517.2414,717000,19000,6000,135,172,0.43974,0.64444,10659000,2452261140
0.537037037,24,108,74333.33333,22362.11699,65803.27869,129483.871,508000,11000,6000,122,173,0.33983,0.5082,8028000,1080427164
0.638888889,24,108,98231.48148,34557.00326,91456.89655,147347.2222,451000,8000,4000,116,137,0.37785,0.62069,10609000,3185613570
0.524752475,15,101,82594.05941,16518.81188,68942.14876,139033.3333,534000,3000,7000,121,275,0.24248,0.49587,8342000,772357284.3
0.7,9,100,99300,17732.14286,70928.57143,118214.2857,388000,4000,9000,140,255,0.2935,0.6,9930000,778071236.9
0.594059406,40,101,76019.80198,25009.77199,66765.21739,116333.3333,303000,8000,4000,115,166,0.37829,0.57391,7678000,1297101211
0.5,20,100,84260,24005.69801,73912.2807,153200,442000,9000,3000,114,136,0.42222,0.48246,8426000,1257771396
0.68,29,100,68540,15506.78733,57596.63866,91386.66667,483000,4000,8000,119,258,0.29975,0.63025,6854000,978286801.9
0.356435644,23,101,72425.74257,24712.83784,63608.69565,187564.1026,272000,10500,2000,115,167,0.38983,0.33913,7315000,884368105.8
0.37,25,100,84570,24094.01709,77587.15596,216846.1539,286000,9000,13000,109,164,0.37457,0.3578,8457000,1145616850
0.663366337,26,101,82861.38614,22497.31183,61087.59124,105936.7089,345000,14000,10000,137,199,0.36927,0.57664,8369000,708229103.3
0.63,30,100,99860,22290.17857,67472.97297,123283.9506,475000,10000,6000,148,164,0.42286,0.5473,9986000,928430149.4
0.524752475,41,101,70603.9604,16739.43662,50935.71429,120864.4068,364000,9000,13000,140,238,0.33019,0.42143,7131000,713779005.8
0.801980198,20,101,73277.22772,13145.64831,54021.89781,77905.26316,361000,7000,7000,137,376,0.24421,0.69343,7401000,312964513.9
0.85,24,100,91720,13312.04644,61972.97297,92646.46465,342000,5000,10000,148,353,0.27106,0.66892,9172000,462063822.7
0.851485149,27,101,82891.08911,21194.93671,64899.22481,88126.31579,431000,7000,3000,129,215,0.32824,0.73643,8372000,1150670025
0.785714286,24,98,99673.46939,24729.11392,88800,120592.5926,441000,17000,11000,110,285,0.27848,0.73636,9768000,747309683.2
0.724489796,31,98,98632.65306,31588.23529,86303.57143,125532.4675,477000,15000,16000,112,159,0.36601,0.6875,9666000,1705049566
0.663265306,21,98,84500,24213.45029,67877.04918,116633.8028,283000,12000,11000,122,220,0.35673,0.58197,8281000,1040966036
0.56122449,16,98,99806.12245,25339.37824,73541.35338,139728.5714,305000,6000,8000,133,253,0.34456,0.52632,9781000,1429892315
0.816326531,15,98,99826.53061,24036.85504,94067.30769,117867.4699,470000,10000,16000,104,259,0.25553,0.79808,9783000,1099124254
0.731481481,27,108,98287.03704,25827.25061,74230.76923,120625,1130000,9000,8000,143,238,0.34793,0.61538,10615000,3055972524
0.693877551,24,98,99908.16327,33762.06897,67524.13793,112540.2299,358000,19000,6000,145,145,0.5,0.6,9791000,1611690598
0.833333333,20,108,100092.5926,21113.28125,75069.44444,102952.381,553000,8000,6000,144,314,0.28125,0.72917,10810000,1783650547
0.62037037,12,108,92092.59259,18050.8167,68123.28767,134405.4054,502000,4000,8000,146,228,0.32883,0.50685,9946000,1316011958
0.56122449,25,98,97765.30612,18425,81194.91525,147400,319000,5500,18000,118,314,0.22692,0.55085,9581000,891331551.1
0.826530612,23,98,76683.67347,23781.64557,71571.42857,90542.16867,214000,8000,9000,105,211,0.33228,0.79048,7515000,1149314075
0.731481481,30,108,99777.77778,19005.29101,69974.02597,115870.9677,467000,8000,18000,154,413,0.2716,0.6039,10776000,1079924000
0.601851852,36,108,99351.85185,22733.05085,72500,135822.7848,581000,9000,5000,148,203,0.38845,0.53378,10730000,1158336230
0.795918367,21,98,76520.40816,15525.87992,66955.35714,88223.52941,430000,4000,10000,112,357,0.23188,0.75893,7499000,733307938.8
0.740740741,28,108,69037.03704,17100.91743,57353.84615,83775.2809,514000,6000,9000,130,260,0.30233,0.68462,7456000,902380596.9
0.712962963,26,108,98444.44444,30639.76945,85741.93548,131259.2593,494000,16000,9000,124,221,0.35735,0.65323,10632000,2146566391
0.62037037,27,108,98824.07407,27866.84073,69305.19481,128590.3615,667000,12000,5000,154,190,0.43017,0.53896,10673000,1789885364
0.675925926,4,108,64250,21285.27607,51783.58209,84621.95122,403000,9000,5000,134,154,0.41104,0.61194,6939000,1035755290
0.675925926,14,108,79083.33333,17324.54361,64704.54545,100482.3529,385000,2000,12000,132,323,0.28326,0.64394,8541000,942723725.7
0.583333333,16,108,69324.07407,23693.03797,58038.75969,106957.1429,328000,7000,9000,129,178,0.4202,0.54264,7487000,1277438809
0.675925926,31,108,98777.77778,43016.12903,85344,138545.4546,357000,27000,3000,125,120,0.5102,0.616,10668000,2657983544
0.759259259,14,108,99351.85185,25011.65501,77194.2446,109489.7959,416000,11000,6000,139,290,0.32401,0.70504,10730000,1273773228
0.601851852,25,108,75675.92593,20796.43766,65384,118449.2754,264000,9000,17000,125,232,0.31807,0.552,8173000,1071463559
0.694444444,19,108,84685.18519,25719.10112,72015.74803,108880.9524,585000,8000,2000,127,146,0.44561,0.66142,9146000,2521813831
0.712962963,26,108,91398.14815,22002.22222,58755.95238,103905.2632,567000,9000,6000,168,184,0.43411,0.56548,9871000,1393917590
0.712962963,41,108,98231.48148,22913.60691,54405.12821,91456.89655,638000,12000,8000,195,203,0.42208,0.59487,10609000,1457178667
0.574074074,28,108,90453.7037,24061.57635,80073.77049,145805.9702,597000,7500,11000,122,230,0.30049,0.54918,9769000,1506487557
0.685185185,26,108,92037.03704,20368.85246,77054.26357,119759.0361,557000,4500,12000,129,323,0.26434,0.64341,9940000,1245259972
0.768518519,23,108,85564.81481,25812.84916,83252.25225,110011.9048,432000,2000,6000,111,231,0.31006,0.75676,9241000,3171093728
0.722222222,19,108,99425.92593,12480.83624,80736.84211,127833.3333,466000,2000,8000,133,545,0.16522,0.63158,10738000,682303411.4
0.675925926,16,108,90092.59259,31488.67314,74846.15385,117228.9157,524000,15000,4000,130,149,0.46263,0.63846,9730000,2163322112
0.527777778,37,108,95009.25926,25211.30221,74355.07246,153149.2537,445000,9000,5000,138,154,0.40588,0.48551,10261000,1869344404
0.564814815,31,108,97601.85185,24400.46296,76384.05797,138697.3684,552000,6500,11000,138,294,0.31944,0.55072,10541000,1440050394
0.787037037,17,108,88490.74074,32729.45205,78336.06557,106188.8889,455000,16000,6000,122,140,0.43262,0.7377,9557000,2268122429
0.722222222,29,108,99490.74074,28276.31579,63958.33333,104320.3884,424000,18500,8000,168,186,0.44444,0.6131,10745000,1265240071
0.777777778,25,108,74657.40741,28693.95018,66090.16393,89588.88889,396000,7000,5000,122,159,0.43416,0.7377,8063000,2208941713
0.777777778,30,108,92101.85185,31279.87421,74231.34328,109307.6923,398000,20000,9000,134,150,0.42138,0.6791,9947000,1309804704
0.787037037,26,108,99833.33333,25132.86713,87658.53659,122522.7273,482000,11000,12000,123,288,0.28671,0.71545,10782000,1776489314
0.712962963,26,108,98564.81481,16580.99688,64515.15152,105396.0396,510000,5000,7000,165,277,0.36105,0.61212,10645000,894287501
0.62037037,22,108,69879.62963,12172.58065,35102.32558,63957.62712,389000,6000,5000,215,244,0.46436,0.54884,7547000,297438665.4
0.564814815,5,108,79907.40741,15662.43194,68492.06349,123285.7143,529000,7000,7000,126,416,0.22951,0.55556,8630000,641420386.1
0.518518519,37,108,84370.37037,19553.64807,59168.83117,128338.0282,557000,6000,9000,154,179,0.4375,0.46104,9112000,1383073460
0.62962963,37,108,97583.33333,29113.25967,69335.52632,130111.1111,457000,14000,6000,152,190,0.42938,0.53289,10539000,1658904034
0.712962963,22,108,98453.7037,34522.72727,92460.86957,134594.9367,478000,13000,4000,115,158,0.37582,0.68696,10633000,3004589058
0.592592593,25,108,72333.33333,11471.36564,52783.78378,96444.44444,393000,2000,14000,148,491,0.21861,0.5473,7812000,525393664.2
0.495049505,24,101,98514.85149,11573.08585,84322.0339,171551.7241,318000,4000,11000,118,492,0.18971,0.49153,9950000,336435418.8
0.475247525,25,101,90950.49505,20877.27273,60834.43709,145809.5238,659000,9000,13000,151,228,0.38325,0.41722,9186000,1308253696
0.495049505,27,101,98564.35644,20309.5723,76576.92308,163196.7213,581000,7000,13000,130,219,0.36415,0.46923,9955000,1016977439
0.55,25,100,99640,13379.35657,75484.84848,150969.697,301000,4000,7000,132,319,0.26559,0.5,9964000,453156566.6
0.425742574,30,101,48346.53465,14319.64809,42460.86957,103893.617,455000,3000,7000,115,171,0.37459,0.4087,4883000,853382818.7
0.455445545,28,101,74693.06931,19002.51889,59401.5748,134714.2857,385000,4000,9000,127,270,0.32152,0.44094,7544000,1009103529
0.524752475,30,101,78910.89109,15908.18363,64796.74797,122615.3846,442000,7000,10000,123,260,0.31061,0.52846,7970000,741795552.9
0.564356436,21,101,83732.67327,17993.61702,60841.72662,115849.3151,299000,5000,8000,139,258,0.33985,0.52518,8457000,716820854.7
0.514851485,33,101,76792.07921,12291.60063,54619.71831,114058.8235,281000,4000,11000,142,440,0.24232,0.47887,7756000,349632294.4
0.536363636,23,110,87918.18182,15448.88179,94813.72549,161183.3333,519000,2000,13000,102,467,0.17895,0.58824,9671000,1400260583
0.654545455,29,110,57963.63636,13146.39175,53133.33333,81743.58974,489000,3000,6000,120,313,0.26966,0.65,6376000,790563235.9
0.7,25,110,85490.90909,10554.43322,64410.9589,100042.5532,447000,3000,13000,146,610,0.1867,0.64384,9404000,550323719.1
0.609090909,28,110,76463.63636,30585.45455,82460.78431,125537.3134,426000,11000,6000,102,143,0.408,0.65686,8411000,1764331175
0.762376238,24,101,98683.16832,26298.15303,92287.03704,127782.0513,879000,9000,7000,108,226,0.28571,0.72222,9967000,2173246848
0.636363636,18,110,76872.72727,20425.12077,71058.82353,114270.2703,692000,8000,5000,119,259,0.32162,0.62185,8456000,1857562176
0.654545455,26,110,63672.72727,15668.9038,58366.66667,89794.87179,453000,6000,11000,120,291,0.30691,0.65,7004000,630795959.1
0.654545455,21,110,58245.45455,10914.82112,45439.71631,75376.47059,332000,4000,6000,141,290,0.28543,0.60284,6407000,289699216.8
0.763636364,26,110,89481.81818,20592.05021,80680.32787,108164.8352,522000,9000,10000,122,282,0.28842,0.7459,9843000,1091466352
0.690909091,22,110,76127.27273,10667.51592,72817.3913,102121.9512,227000,4000,15000,115,520,0.17941,0.71304,8374000,277099772.5
0.709090909,11,110,77500,16300.1912,54299.36306,82766.99029,362000,6000,6000,157,328,0.34279,0.65605,8525000,641260287.3
0.718181818,24,110,55745.45455,16800,54750,73879.51807,279000,10000,7000,112,171,0.38225,0.74107,6132000,360869230.8
0.572727273,33,110,69181.81818,9224.24242,65042.73504,110289.8551,287000,3000,3000,117,563,0.16525,0.58974,7610000,245921741.7
0.445454545,26,110,57236.36364,11104.05644,49968.25397,108551.7241,388000,3000,2000,126,341,0.252,0.46032,6296000,369782439.3
0.6,43,110,78918.18182,17327.34531,65270.67669,118917.8082,606000,5000,1000,133,304,0.3009,0.54887,8681000,806644630.7
0.645454545,25,110,31736.36364,14020.08032,32324.07407,49169.01408,131000,8000,4000,108,138,0.46552,0.65741,3491000,277931046.8
0.545454545,27,110,64709.09091,16947.61905,64126.12613,109507.6923,266000,6000,7000,111,166,0.38408,0.58559,7118000,847443550.4
0.5,22,110,48336.36364,10146.94656,43227.64228,81800,246000,4000,3000,123,350,0.27033,0.52846,5317000,260125593
0.754545455,22,110,90581.81818,16442.24422,76646.15385,102721.6495,358000,7000,4000,130,273,0.27601,0.74615,9964000,670333022.4
0.690909091,25,110,65509.09091,24762.8866,68628.57143,92384.61538,813000,12000,5000,105,149,0.44118,0.74286,7206000,1675140135
0.7,24,110,64445.45455,13765.04854,51744.52555,76225.80645,299000,8000,8000,137,177,0.4377,0.67883,7089000,305172316.9
0.570093458,26,107,90457.94393,13062.07827,63677.63158,124089.7436,547000,6000,3000,152,492,0.20822,0.51316,9679000,315612357.3
0.660550459,23,109,55045.87156,12345.67901,53571.42857,77922.07792,264000,4000,6000,112,181,0.34251,0.6875,6000000,416919434.9
0.727272727,23,110,79190.90909,13871.01911,64525.92593,94684.78261,490000,6000,9000,135,322,0.24281,0.68148,8711000,514386846.2
0.681818182,18,110,85227.27273,20118.02575,80128.20513,117187.5,666000,3500,3000,117,325,0.27273,0.68376,9375000,2370246255
0.627272727,14,110,38772.72727,8941.29979,36452.99145,56118.42105,563000,3000,4000,117,240,0.29323,0.64957,4265000,404878900
0.709090909,28,110,87536.36364,15915.70248,66868.05556,105813.1868,422000,5000,10000,144,326,0.31304,0.63194,9629000,743203147.1
0.527272727,31,110,71972.72727,13768.69565,61372.09302,114739.1304,507000,5000,8000,129,239,0.35635,0.53488,7917000,637749541
0.581818182,22,110,87172.72727,11267.92009,73761.53846,124532.4675,478000,4000,7000,130,431,0.21311,0.59231,9589000,343902252
0.790909091,26,110,89936.36364,13496.58936,92457.94393,113712.6437,620000,4000,12000,107,580,0.15923,0.81308,9893000,620263991.1
0.690909091,12,110,75445.45455,16664.65863,75445.45455,103737.5,478000,6000,6000,110,282,0.28061,0.72727,8299000,877225348.1
0.636363636,32,110,89690.90909,19575.39683,77685.03937,123325,575000,7500,6000,127,235,0.32398,0.62992,9866000,842252753.3
0.618181818,22,110,62063.63636,13736.41851,58853.44828,93520.54795,309000,6000,7000,116,287,0.29517,0.62931,6827000,419388046
0.8,24,110,89118.18182,11796.63057,80352.45902,102114.5833,537000,3000,14000,122,526,0.17862,0.78689,9803000,479210398.3
0.636363636,25,110,59045.45455,13819.14894,60138.88889,88972.60274,659000,3000,8000,108,280,0.25532,0.67593,6495000,1446156989
0.645454545,24,110,64572.72727,18212.82051,61765.21739,94706.66667,377000,8000,11000,115,232,0.31421,0.65217,7103000,648306776.1
0.518181818,23,110,76290.90909,16200.7722,61255.47445,116555.5556,658000,7000,1000,137,331,0.29211,0.52555,8392000,1047387079
0.581818182,21,110,35372.72727,12009.25926,33834.78261,55585.71429,177000,5000,7000,115,192,0.37582,0.6087,3891000,286758427.9
0.609090909,26,110,55709.09091,12134.65347,42555.55556,78564.10256,231000,6000,3000,144,309,0.30835,0.54167,6128000,365783419.8
0.718181818,25,110,77427.27273,11032.38342,58737.93103,86908.16327,484000,4000,7000,145,349,0.25483,0.67586,8517000,435530726.9
0.454545455,31,110,29890.90909,10307.21003,26731.70732,59781.81818,111000,4000,7000,123,137,0.4786,0.44715,3288000,164987086.2
0.718181818,21,110,64781.81818,15161.70213,63625,85855.42169,359000,5000,11000,112,257,0.32464,0.74107,7126000,585095331.9
0.709090909,21,110,72263.63636,15227.96935,71612.61261,99362.5,348000,5000,2000,111,257,0.30081,0.72072,7949000,758506471.5
0.727272727,18,110,61745.45455,16366.26506,62888.88889,82829.26829,310000,6000,8000,108,174,0.32143,0.75926,6792000,620894511.4
0.736363636,27,110,86054.54545,16491.2892,77590.16393,106359.5506,419000,5000,8000,122,374,0.2635,0.72951,9466000,833761704.1
0.336363636,22,110,34327.27273,9936.84211,28606.06061,72615.38462,109000,3000,5000,132,132,0.5259,0.39394,3776000,234064602.1
0.681818182,26,110,64445.45455,13007.33945,62734.51327,92064.93506,323000,5000,11000,113,263,0.23941,0.68142,7089000,463264651.9
0.572727273,18,110,67227.27273,15310.55901,62142.85714,107173.913,376000,6000,8000,119,187,0.34294,0.57983,7395000,726716631
0.518181818,27,110,59636.36364,15508.27423,52903.22581,105806.4516,305000,6000,2000,124,186,0.3949,0.5,6560000,639534884
0.7,28,110,89727.27273,15022.83105,75923.07692,107282.6087,1282000,7000,8000,130,326,0.26915,0.70769,9870000,933854660.9
0.381818182,31,110,49081.81818,15786.54971,37493.05556,96410.71429,228000,5000,2000,144,186,0.4472,0.38889,5399000,637470434.4
0.654545455,23,110,82118.18182,25956.89655,80651.78571,120440,431000,12000,11000,112,236,0.34251,0.66964,9033000,1291666725
0.636363636,13,110,90127.27273,13451.83175,86208.69565,130447.3684,343000,7000,15000,115,355,0.21536,0.66087,9914000,294818668.5
0.681818182,21,110,74100,16302,68495.79832,101887.5,318000,8000,9000,119,288,0.29455,0.67227,8151000,568852501
0.645454545,27,110,90745.45455,15769.35229,66546.66667,110911.1111,647000,7000,6000,150,377,0.27422,0.6,9982000,512225198.5
0.572727273,26,110,90590.90909,13286.66667,68253.42466,121524.3902,337000,5000,14000,146,444,0.24497,0.56164,9965000,494610636.4
0.654545455,24,110,65545.45455,12324.78632,52627.73723,80111.11111,414000,5000,5000,137,278,0.30787,0.65693,7210000,380315566.1
0.518181818,29,110,90163.63636,11935.01805,60109.09091,112704.5455,456000,4000,7000,165,441,0.28205,0.53333,9918000,416889748.2
0.454545455,31,110,48472.72727,9624.54874,45186.44068,95214.28571,316000,4000,2000,118,268,0.2928,0.47458,5332000,235497117.8
0.581818182,38,110,70509.09091,8656.25,59661.53846,102052.6316,301000,3500,6000,130,442,0.1949,0.58462,7756000,171714106.1
0.709090909,22,110,89800,18158.08824,88990.99099,120463.4146,325000,7000,5000,111,279,0.24612,0.73874,9878000,816619529.3
0.463636364,35,110,61309.09091,16570.02457,51876.92308,116275.8621,260000,4000,8000,130,249,0.35422,0.44615,6744000,895329444.1
0.527272727,29,110,90172.72727,13331.98925,62383.6478,120963.4146,318000,5000,1000,159,253,0.38499,0.51572,9919000,502822340
0.763636364,31,110,90681.81818,15113.63636,81097.56098,112078.6517,426000,8000,9000,123,440,0.22162,0.72358,9975000,535885398
0.440366972,29,109,75853.21101,17973.91304,77271.02804,162117.6471,311000,6000,2000,107,253,0.29235,0.47664,8268000,1020308686
0.609090909,31,110,66481.81818,13746.2406,54170.37037,96223.68421,378000,6000,8000,135,332,0.28723,0.56296,7313000,525153940.6
0.636363636,32,110,69845.45455,12574.46809,60496.06299,98500,395000,6000,4000,127,294,0.28285,0.61417,7683000,437677642.1
0.618181818,33,110,88000,12145.5458,50416.66667,89629.62963,623000,4000,9000,192,395,0.2986,0.5625,9680000,404589342.6
0.563636364,28,110,68909.09091,13298.24561,53758.86525,99736.84211,562000,3000,1000,141,392,0.27647,0.53901,7580000,908543582.2
0.736363636,25,110,90436.36364,12388.54296,73688.88889,106967.7419,431000,4000,11000,135,647,0.18342,0.68889,9948000,406986003.2
0.636363636,30,110,90381.81818,13453.31529,77069.76744,125848.1013,317000,4000,8000,129,371,0.24112,0.6124,9942000,542527289.1
0.70754717,18,106,71830.18868,13743.68231,64525.42373,92853.65854,289000,6000,2000,118,242,0.28434,0.69492,7614000,471706334.3
0.781818182,15,110,53172.72727,13114.34978,54157.40741,66465.90909,320000,6000,6000,108,288,0.28496,0.81481,5849000,368137456.5
0.541284404,29,109,88036.69725,13109.28962,82724.13793,149937.5,560000,4000,14000,116,612,0.16984,0.55172,9596000,490792417
0.572727273,21,110,63936.36364,13048.23748,61156.52174,104970.1493,306000,4000,6000,115,283,0.29487,0.58261,7033000,505086888.2
0.627272727,37,110,90245.45455,18589.88764,82041.32231,128922.0779,304000,8000,8000,121,290,0.23587,0.63636,9927000,716426239
0.6,35,110,60200,12661.56788,46633.80282,79783.13253,259000,5000,10000,142,270,0.34466,0.58451,6622000,461733903.3
0.818181818,19,110,89790.90909,13911.26761,87407.07965,108538.4615,972000,6000,17000,113,450,0.20215,0.80531,9877000,821900437
0.373831776,26,107,59467.28972,19760.86957,44496.5035,106050,180000,12000,11000,143,172,0.46129,0.41958,6363000,500076594.9
0.572727273,31,110,66881.81818,15553.91121,56592.30769,102180.5556,509000,6000,9000,130,272,0.34031,0.55385,7357000,634192532.3
0.454545455,30,110,70509.09091,13583.18739,63056.91057,131457.6271,327000,5000,6000,123,282,0.29009,0.47967,7756000,449910173
0.648148148,20,108,92527.77778,12429.10448,82586.77686,124912.5,497000,4000,1000,121,421,0.22202,0.66116,9993000,430633821.9
0.463636364,30,110,50127.27273,16558.55856,46728.81356,95068.96552,241000,5000,6000,118,183,0.37942,0.49153,5514000,867283458.2
0.654545455,26,110,89654.54545,16715.25424,70949.64029,118819.2771,482000,7000,6000,139,334,0.26577,0.59712,9862000,631039325.5
0.736363636,26,110,89545.45455,23014.01869,76356.58915,104787.234,864000,6000,6000,129,228,0.35537,0.72868,9850000,2099967016
0.6,28,110,90381.81818,10113.93693,80177.41935,129116.8831,360000,4000,6000,124,390,0.19225,0.62097,9942000,251754825.9
0.763636364,22,110,90136.36364,10931.64278,73444.44444,102216.4949,435000,3000,5000,135,531,0.1875,0.71852,9915000,682500840.9
0.372727273,21,110,69390.90909,22785.07463,73394.23077,177511.6279,328000,2000,8000,104,231,0.33227,0.41346,7633000,1759336902
0.645454545,44,110,90572.72727,22694.76082,96728.15534,140323.9437,673000,8000,7000,103,281,0.24939,0.68932,9963000,1540591548
0.509090909,24,110,64572.72727,15890.38031,59191.66667,118383.3333,375000,3000,6000,120,200,0.30848,0.5,7103000,687940871.4
0.654545455,28,110,81154.54545,12129.07609,67120.30075,108865.8537,580000,3000,7000,133,484,0.22391,0.61654,8927000,916128894.9
0.618181818,25,110,89354.54545,14224.31259,77393.70079,126012.8205,932000,5000,9000,127,289,0.26514,0.61417,9829000,910156857.3
0.672727273,17,110,61645.45455,14741.30435,56041.32231,83716.04938,196000,8000,13000,121,298,0.2995,0.66942,6781000,414959074.5
0.318181818,27,110,63709.09091,14360.65574,29078.83817,81488.37209,198000,2000,1000,241,182,0.57245,0.35685,7008000,611668428.3
0.730769231,34,104,50240.38462,14275.95628,42137.09677,60755.81395,198000,7000,6000,124,148,0.46617,0.69355,5225000,370512680.6
0.754545455,28,110,72563.63636,11720.99853,70637.16814,90704.54545,330000,5000,11000,113,332,0.24094,0.77876,7982000,341039690.8
0.581818182,21,110,52290.90909,12984.19865,52290.90909,85850.74627,235000,4000,2000,110,320,0.27228,0.60909,5752000,463961288.2
0.636363636,28,110,87309.09091,19093.43936,81389.83051,123128.2051,419000,7000,3000,118,256,0.26637,0.66102,9604000,688443442.9
0.681818182,20,110,84481.81818,12979.05028,64986.01399,108058.1395,1888000,3000,1000,143,419,0.23404,0.6014,9293000,4646286274
0.727272727,19,110,55445.45455,13116.12903,51252.10084,67766.66667,223000,7000,2000,119,264,0.2761,0.7563,6099000,233314071.2
0.618181818,23,110,79409.09091,11615.69149,68779.52756,107839.5062,348000,4000,9000,127,434,0.21897,0.6378,8735000,313022549.7
0.5,24,110,52163.63636,11384.92063,46650.4065,89656.25,303000,4000,8000,123,294,0.28146,0.52033,5738000,417485736.4
0.553398058,24,103,75592.23301,20930.10753,58984.84848,108138.8889,342000,10000,1000,132,232,0.36066,0.54545,7786000,1032884590
0.681818182,27,110,37945.45455,9961.81384,35675.21368,52835.44304,221000,5000,5000,117,230,0.33524,0.67521,4174000,229051169.9
0.618181818,22,110,54418.18182,13573.69615,44340.74074,71261.90476,302000,5000,5000,135,264,0.34615,0.62222,5986000,421899670.2
0.5,28,110,54363.63636,12032.19316,45303.0303,92000,210000,4000,12000,132,294,0.30626,0.49242,5980000,404498961.5
0.618181818,20,110,56800,12446.21514,57321.10092,90550.72464,453000,5000,7000,109,315,0.23747,0.63303,6248000,477892311
0.436363636,50,110,63327.27273,15077.92208,60573.91304,131433.9623,283000,3000,2000,115,195,0.31507,0.46087,6966000,870727103.7
0.6,26,110,77281.81818,11503.38295,67468.25397,107607.5949,297000,4000,6000,126,454,0.22261,0.62698,8501000,394645991.3
0.636363636,37,110,53918.18182,9722.95082,46700.7874,75075.94937,268000,6000,6000,127,246,0.27669,0.62205,5931000,185829521.7
0.563636364,26,110,90854.54545,12055.48854,55522.22222,105200,315000,6000,10000,180,516,0.26125,0.52778,9994000,313137013.9
0.545454545,17,110,63909.09091,10086.08321,63909.09091,111587.3016,247000,2000,7000,110,587,0.16897,0.57273,7030000,394736831.9
0.127272727,35,110,41718.18182,17515.26718,37925.61983,229450,116000,7000,1000,121,141,0.4879,0.16529,4589000,517630034.2
0.366336634,19,101,71821.78218,13189.09091,54954.54545,154340.4255,234000,6000,9000,132,193,0.40367,0.35606,7254000,325428660.4
0.609090909,18,110,71536.36364,13732.98429,65033.05785,102194.8052,284000,7000,12000,121,280,0.29803,0.63636,7869000,317003752.8
0.418181818,32,110,89700,24544.77612,75320.61069,186169.8113,331000,4000,6000,131,229,0.34474,0.40458,9867000,1900602728
0.327272727,25,110,74909.09091,21798.9418,58028.16901,168163.2653,371000,7000,3000,142,207,0.40341,0.34507,8240000,1095423659
0.290909091,27,110,60781.81818,15264.84018,58649.12281,175947.3684,308000,5000,10000,114,292,0.30159,0.33333,6686000,673321003.5
